Date,Unit,Minimum,Maximum,Average,Market
16/06/19,Kg,26,32,29,Tomato
17/06/19,Kg,20,25,22.5,Tomato
18/06/19,Kg,22,26,24,Tomato
19/06/19,Kg,24,28,26,Tomato
20/06/19,Kg,22,26,24,Tomato
21/06/19,Kg,15,20,17.5,Tomato
25/06/19,Kg,25,30,27.5,Tomato
26/06/19,Kg,20,25,22.5,Tomato
27/06/19,Kg,18,24,21,Tomato
28/06/19,Kg,24,28,26,Tomato
30/06/19,Kg,18,22,20,Tomato
01/07/19,Kg,15,20,17.5,Tomato
02/07/19,Kg,15,20,17.5,Tomato
03/07/19,Kg,14,18,16,Tomato
04/07/19,Kg,14,18,16,Tomato
05/07/19,Kg,18,24,21,Tomato
09/07/19,Kg,20,25,22.5,Tomato
10/07/19,Kg,30,35,32.5,Tomato
11/07/19,Kg,32,38,35,Tomato
12/07/19,Kg,44,48,46,Tomato
14/07/19,Kg,50,55,52.5,Tomato
15/07/19,Kg,50,55,52.5,Tomato
16/07/19,Kg,48,52,50,Tomato
17/07/19,Kg,46,52,49,Tomato
18/07/19,Kg,40,45,42.5,Tomato
19/07/19,Kg,36,40,38,Tomato
21/07/19,Kg,28,32,30,Tomato
22/07/19,Kg,28,32,30,Tomato
23/07/19,Kg,30,35,32.5,Tomato
24/07/19,Kg,32,36,34,Tomato
25/07/19,Kg,40,45,42.5,Tomato
26/07/19,Kg,40,45,42.5,Tomato
28/07/19,Kg,40,45,42.5,Tomato
29/07/19,Kg,42,46,44,Tomato
30/07/19,Kg,38,42,40,Tomato
31/07/19,Kg,35,40,37.5,Tomato
01/08/19,Kg,34,38,36,Tomato
02/08/19,Kg,25,35,30,Tomato
04/08/19,Kg,25,30,27.5,Tomato
05/08/19,Kg,25,30,27.5,Tomato
06/08/19,Kg,28,34,31,Tomato
07/08/19,Kg,25,30,27.5,Tomato
08/08/19,Kg,20,25,22.5,Tomato
12/08/19,Kg,24,28,26,Tomato
13/08/19,Kg,25,30,27.5,Tomato
14/08/19,Kg,25,30,27.5,Tomato
15/08/19,Kg,25,32,28.5,Tomato
16/08/19,Kg,35,40,37.5,Tomato
18/08/19,Kg,30,35,32.5,Tomato
19/08/19,Kg,35,40,37.5,Tomato
20/08/19,Kg,38,42,40,Tomato
23/08/19,Kg,40,44,42,Tomato
25/08/19,Kg,30,35,32.5,Tomato
26/08/19,Kg,28,32,30,Tomato
27/08/19,Kg,28,32,30,Tomato
29/08/19,Kg,34,38,36,Tomato
30/08/19,Kg,30,35,32.5,Tomato
01/09/19,Kg,30,35,32.5,Tomato
02/09/19,Kg,35,40,37.5,Tomato
03/09/19,Kg,40,45,42.5,Tomato
04/09/19,Kg,40,45,42.5,Tomato
05/09/19,Kg,45,50,47.5,Tomato
06/09/19,Kg,50,55,52.5,Tomato
08/09/19,Kg,50,56,53,Tomato
09/09/19,Kg,55,60,57.5,Tomato
10/09/19,Kg,44,50,47,Tomato
11/09/19,Kg,38,42,40,Tomato
12/09/19,Kg,36,42,39,Tomato
13/09/19,Kg,35,40,37.5,Tomato
15/09/19,Kg,35,40,37.5,Tomato
16/09/19,Kg,32,38,35,Tomato
17/09/19,Kg,35,40,37.5,Tomato
19/09/19,Kg,35,40,37.5,Tomato
20/09/19,Kg,35,40,37.5,Tomato
22/09/19,Kg,30,35,32.5,Tomato
23/09/19,Kg,30,35,32.5,Tomato
24/09/19,Kg,30,35,32.5,Tomato
25/09/19,Kg,30,31,30.5,Tomato
26/09/19,Kg,30,35,32.5,Tomato
27/09/19,Kg,35,40,37.5,Tomato
29/09/19,Kg,35,40,37.5,Tomato
30/09/19,Kg,38,42,40,Tomato
01/10/19,Kg,38,42,40,Tomato
02/10/19,Kg,40,45,42.5,Tomato
03/10/19,Kg,40,45,42.5,Tomato
04/10/19,Kg,40,45,42.5,Tomato
06/10/19,Kg,65,75,70,Tomato
07/10/19,Kg,60,70,65,Tomato
08/10/19,Kg,55,60,57.5,Tomato
09/10/19,Kg,75,80,77.5,Tomato
10/10/19,Kg,75,80,77.5,Tomato
11/10/19,Kg,75,80,77.5,Tomato
12/10/19,Kg,60,70,65,Tomato
13/10/19,Kg,65,75,70,Tomato
14/10/19,Kg,65,75,70,Tomato
15/10/19,Kg,65,70,67.5,Tomato
16/10/19,Kg,55,65,60,Tomato
17/10/19,Kg,40,50,45,Tomato
20/10/19,Kg,30,35,32.5,Tomato
21/10/19,Kg,35,40,37.5,Tomato
22/10/19,Kg,30,35,32.5,Tomato
23/10/19,Kg,30,35,32.5,Tomato
24/10/19,Kg,35,40,37.5,Tomato
25/10/19,Kg,35,45,40,Tomato
27/10/19,Kg,45,50,47.5,Tomato
28/10/19,Kg,45,50,47.5,Tomato
29/10/19,Kg,45,55,50,Tomato
30/10/19,Kg,45,50,47.5,Tomato
31/10/19,Kg,45,50,47.5,Tomato
01/11/19,Kg,40,50,45,Tomato
04/11/19,Kg,50,55,52.5,Tomato
05/11/19,Kg,55,64,59.5,Tomato
06/11/19,Kg,60,70,65,Tomato
07/11/19,Kg,70,80,75,Tomato
10/11/19,Kg,50,60,55,Tomato
11/11/19,Kg,50,60,55,Tomato
12/11/19,Kg,70,80,75,Tomato
13/11/19,Kg,65,75,70,Tomato
14/11/19,Kg,56,65,60.5,Tomato
15/11/19,Kg,54,60,57,Tomato
16/11/19,Kg,60,70,65,Tomato
17/11/19,Kg,70,75,72.5,Tomato
18/11/19,Kg,60,70,65,Tomato
20/11/19,Kg,60,70,65,Tomato
21/11/19,Kg,55,65,60,Tomato
22/11/19,Kg,55,60,57.5,Tomato
24/11/19,Kg,50,60,55,Tomato
25/11/19,Kg,58,62,60,Tomato
26/11/19,Kg,60,70,65,Tomato
27/11/19,Kg,60,70,65,Tomato
28/11/19,Kg,55,60,57.5,Tomato
29/11/19,Kg,45,55,50,Tomato
01/12/19,Kg,45,50,47.5,Tomato
02/12/19,Kg,45,50,47.5,Tomato
03/12/19,Kg,40,50,45,Tomato
04/12/19,Kg,40,45,42.5,Tomato
05/12/19,Kg,25,30,27.5,Tomato
06/12/19,Kg,25,30,27.5,Tomato
08/12/19,Kg,25,30,27.5,Tomato
09/12/19,Kg,25,30,27.5,Tomato
10/12/19,Kg,30,35,32.5,Tomato
11/12/19,Kg,28,32,30,Tomato
12/12/19,Kg,25,30,27.5,Tomato
13/12/19,Kg,25,30,27.5,Tomato
15/12/19,Kg,22,28,25,Tomato
16/12/19,Kg,24,28,26,Tomato
18/12/19,Kg,22,28,25,Tomato
19/12/19,Kg,22,28,25,Tomato
20/12/19,Kg,22,26,24,Tomato
22/12/19,Kg,22,28,25,Tomato
23/12/19,Kg,25,30,27.5,Tomato
24/12/19,Kg,26,32,29,Tomato
26/12/19,Kg,32,38,35,Tomato
27/12/19,Kg,32,38,35,Tomato
29/12/19,Kg,32,36,34,Tomato
31/12/19,Kg,30,35,32.5,Tomato
01/01/20,Kg,30,35,32.5,Tomato
02/01/20,Kg,30,35,32.5,Tomato
03/01/20,Kg,30,35,32.5,Tomato
05/01/20,Kg,30,35,32.5,Tomato
06/01/20,Kg,30,35,32.5,Tomato
07/01/20,Kg,26,32,29,Tomato
08/01/20,Kg,30,35,32.5,Tomato
09/01/20,Kg,30,35,32.5,Tomato
10/01/20,Kg,30,35,32.5,Tomato
12/01/20,Kg,30,35,32.5,Tomato
13/01/20,Kg,30,35,32.5,Tomato
14/01/20,Kg,30,35,32.5,Tomato
16/01/20,Kg,32,36,34,Tomato
17/01/20,Kg,28,34,31,Tomato
19/01/20,Kg,24,28,26,Tomato
20/01/20,Kg,20,25,22.5,Tomato
21/01/20,Kg,18,25,21.5,Tomato
22/01/20,Kg,15,20,17.5,Tomato
23/01/20,Kg,16,22,19,Tomato
24/01/20,Kg,18,25,21.5,Tomato
26/01/20,Kg,18,20,19,Tomato
27/01/20,Kg,18,22,20,Tomato
28/01/20,Kg,18,24,21,Tomato
29/01/20,Kg,20,25,22.5,Tomato
02/02/20,Kg,20,25,22.5,Tomato
03/02/20,Kg,30,35,32.5,Tomato
04/02/20,Kg,30,35,32.5,Tomato
05/02/20,Kg,30,35,32.5,Tomato
06/02/20,Kg,28,34,31,Tomato
07/02/20,Kg,30,35,32.5,Tomato
08/02/20,Kg,32,36,34,Tomato
09/02/20,Kg,30,35,32.5,Tomato
10/02/20,Kg,25,30,27.5,Tomato
11/02/20,Kg,25,30,27.5,Tomato
12/02/20,Kg,25,30,27.5,Tomato
13/02/20,Kg,24,28,26,Tomato
14/02/20,Kg,25,30,27.5,Tomato
16/02/20,Kg,25,32,28.5,Tomato
17/02/20,Kg,28,32,30,Tomato
18/02/20,Kg,30,35,32.5,Tomato
20/02/20,Kg,34,38,36,Tomato
21/02/20,Kg,28,35,31.5,Tomato
23/02/20,Kg,25,30,27.5,Tomato
24/02/20,Kg,32,36,34,Tomato
25/02/20,Kg,30,35,32.5,Tomato
26/02/20,Kg,28,34,31,Tomato
28/02/20,Kg,32,38,35,Tomato
03/03/20,Kg,50,60,55,Tomato
05/03/20,Kg,45,52,48.5,Tomato
06/03/20,Kg,45,50,47.5,Tomato
07/03/20,Kg,45,50,47.5,Tomato
09/03/20,Kg,45,50,47.5,Tomato
10/03/20,Kg,40,45,42.5,Tomato
11/03/20,Kg,45,50,47.5,Tomato
12/03/20,Kg,45,50,47.5,Tomato
13/03/20,Kg,52,58,55,Tomato
14/03/20,Kg,52,58,55,Tomato
17/03/20,Kg,50,55,52.5,Tomato
18/03/20,Kg,30,36,33,Tomato
19/03/20,Kg,35,40,37.5,Tomato
20/03/20,Kg,40,45,42.5,Tomato
21/03/20,Kg,35,40,37.5,Tomato
23/03/20,Kg,25,30,27.5,Tomato
24/03/20,Kg,30,35,32.5,Tomato
25/03/20,Kg,35,40,37.5,Tomato
26/03/20,Kg,42,48,45,Tomato
27/03/20,Kg,40,45,42.5,Tomato
28/03/20,Kg,40,45,42.5,Tomato
31/03/20,Kg,35,45,40,Tomato
01/04/20,Kg,34,40,37,Tomato
02/04/20,Kg,36,45,40.5,Tomato
03/04/20,Kg,38,45,41.5,Tomato
04/04/20,Kg,38,45,41.5,Tomato
06/04/20,Kg,40,46,43,Tomato
07/04/20,Kg,40,45,42.5,Tomato
09/04/20,Kg,38,42,40,Tomato
10/04/20,Kg,30,40,35,Tomato
11/04/20,Kg,40,45,42.5,Tomato
13/04/20,Kg,45,50,47.5,Tomato
15/04/20,Kg,40,45,42.5,Tomato
16/04/20,Kg,38,42,40,Tomato
17/04/20,Kg,35,40,37.5,Tomato
18/04/20,Kg,34,36,35,Tomato
20/04/20,Kg,35,40,37.5,Tomato
21/04/20,Kg,30,35,32.5,Tomato
22/04/20,Kg,35,40,37.5,Tomato
23/04/20,Kg,32,36,34,Tomato
25/04/20,Kg,30,35,32.5,Tomato
27/04/20,Kg,32,36,34,Tomato
28/04/20,Kg,32,36,34,Tomato
29/04/20,Kg,28,32,30,Tomato
30/04/20,Kg,30,35,32.5,Tomato
02/05/20,Kg,28,32,30,Tomato
04/05/20,Kg,25,30,27.5,Tomato
05/05/20,Kg,18,24,21,Tomato
06/05/20,Kg,15,20,17.5,Tomato
07/05/20,Kg,12,15,13.5,Tomato
08/05/20,Kg,14,18,16,Tomato
09/05/20,Kg,15,20,17.5,Tomato
11/05/20,Kg,15,20,17.5,Tomato
12/05/20,Kg,24,28,26,Tomato
13/05/20,Kg,24,28,26,Tomato
15/05/20,Kg,20,25,22.5,Tomato
16/05/20,Kg,30,35,32.5,Tomato
18/05/20,Kg,25,30,27.5,Tomato
19/05/20,Kg,22,26,24,Tomato
20/05/20,Kg,20,25,22.5,Tomato
21/05/20,Kg,15,20,17.5,Tomato
22/05/20,Kg,14,18,16,Tomato
23/05/20,Kg,15,20,17.5,Tomato
25/05/20,Kg,16,22,19,Tomato
26/05/20,Kg,20,25,22.5,Tomato
27/05/20,Kg,20,25,22.5,Tomato
28/05/20,Kg,24,28,26,Tomato
30/05/20,Kg,20,25,22.5,Tomato
01/06/20,Kg,25,30,27.5,Tomato
02/06/20,Kg,28,32,30,Tomato
03/06/20,Kg,30,35,32.5,Tomato
04/06/20,Kg,35,40,37.5,Tomato
05/06/20,Kg,44,48,46,Tomato
06/06/20,Kg,40,45,42.5,Tomato
08/06/20,Kg,40,45,42.5,Tomato
09/06/20,Kg,35,40,37.5,Tomato
10/06/20,Kg,30,36,33,Tomato
11/06/20,Kg,26,32,29,Tomato
12/06/20,Kg,24,30,27,Tomato
13/06/20,Kg,25,30,27.5,Tomato
15/06/20,Kg,22,26,24,Tomato
16/06/20,Kg,18,22,20,Tomato
17/06/20,Kg,18,22,20,Tomato
18/06/20,Kg,15,20,17.5,Tomato
19/06/20,Kg,14,18,16,Tomato
20/06/20,Kg,14,20,17,Tomato
23/06/20,Kg,18,20,19,Tomato
24/06/20,Kg,14,18,16,Tomato
25/06/20,Kg,18,22,20,Tomato
26/06/20,Kg,18,24,21,Tomato
27/06/20,Kg,22,28,25,Tomato
29/06/20,Kg,20,25,22.5,Tomato
30/06/20,Kg,16,20,18,Tomato
01/07/20,Kg,16,20,18,Tomato
02/07/20,Kg,14,18,16,Tomato
03/07/20,Kg,15,20,17.5,Tomato
04/07/20,Kg,14,18,16,Tomato
05/07/20,Kg,14,18,16,Tomato
06/07/20,Kg,14,16,15,Tomato
07/07/20,Kg,14,18,16,Tomato
08/07/20,Kg,12,16,14,Tomato
09/07/20,Kg,12,16,14,Tomato
10/07/20,Kg,12,16,14,Tomato
11/07/20,Kg,12,16,14,Tomato
12/07/20,Kg,10,14,12,Tomato
13/07/20,Kg,12,18,15,Tomato
14/07/20,Kg,10,15,12.5,Tomato
15/07/20,Kg,10,15,12.5,Tomato
16/07/20,Kg,10,15,12.5,Tomato
17/07/20,Kg,12,15,13.5,Tomato
18/07/20,Kg,15,20,17.5,Tomato
19/07/20,Kg,15,20,17.5,Tomato
20/07/20,Kg,18,20,19,Tomato
21/07/20,Kg,15,20,17.5,Tomato
22/07/20,Kg,15,20,17.5,Tomato
23/07/20,Kg,15,20,17.5,Tomato
24/07/20,Kg,25,28,26.5,Tomato
25/07/20,Kg,28,30,29,Tomato
26/07/20,Kg,35,40,37.5,Tomato
27/07/20,Kg,35,40,37.5,Tomato
28/07/20,Kg,34,38,36,Tomato
29/07/20,Kg,32,36,34,Tomato
30/07/20,Kg,30,35,32.5,Tomato
31/07/20,Kg,34,36,35,Tomato
01/08/20,Kg,32,36,34,Tomato
02/08/20,Kg,32,36,34,Tomato
03/08/20,Kg,30,34,32,Tomato
04/08/20,Kg,28,34,31,Tomato
05/08/20,Kg,28,32,30,Tomato
06/08/20,Kg,28,32,30,Tomato
07/08/20,Kg,30,34,32,Tomato
08/08/20,Kg,24,28,26,Tomato
09/08/20,Kg,24,28,26,Tomato
10/08/20,Kg,22,26,24,Tomato
11/08/20,Kg,26,30,28,Tomato
12/08/20,Kg,24,28,26,Tomato
13/08/20,Kg,25,28,26.5,Tomato
14/08/20,Kg,25,28,26.5,Tomato
15/08/20,Kg,28,32,30,Tomato
16/08/20,Kg,32,36,34,Tomato
17/08/20,Kg,30,34,32,Tomato
18/08/20,Kg,34,38,36,Tomato
19/08/20,Kg,35,40,37.5,Tomato
20/08/20,Kg,42,46,44,Tomato
21/08/20,Kg,50,55,52.5,Tomato
22/08/20,Kg,50,55,52.5,Tomato
23/08/20,Kg,44,48,46,Tomato
24/08/20,Kg,50,55,52.5,Tomato
25/08/20,Kg,52,56,54,Tomato
26/08/20,Kg,60,65,62.5,Tomato
27/08/20,Kg,58,64,61,Tomato
28/08/20,Kg,52,56,54,Tomato
29/08/20,Kg,54,58,56,Tomato
31/08/20,Kg,40,55,47.5,Tomato
01/09/20,Kg,38,44,41,Tomato
02/09/20,Kg,38,42,40,Tomato
03/09/20,Kg,36,42,39,Tomato
04/09/20,Kg,35,40,37.5,Tomato
05/09/20,Kg,28,35,31.5,Tomato
06/09/20,Kg,28,34,31,Tomato
07/09/20,Kg,22,30,26,Tomato
08/09/20,Kg,25,30,27.5,Tomato
09/09/20,Kg,22,28,25,Tomato
10/09/20,Kg,22,26,24,Tomato
11/09/20,Kg,25,30,27.5,Tomato
12/09/20,Kg,28,32,30,Tomato
13/09/20,Kg,25,28,26.5,Tomato
14/09/20,Kg,30,35,32.5,Tomato
15/09/20,Kg,46,52,49,Tomato
16/09/20,Kg,46,52,49,Tomato
17/09/20,Kg,45,50,47.5,Tomato
18/09/20,Kg,46,52,49,Tomato
19/09/20,Kg,50,60,55,Tomato
20/09/20,Kg,55,65,60,Tomato
21/09/20,Kg,60,75,67.5,Tomato
22/09/20,Kg,55,60,57.5,Tomato
23/09/20,Kg,50,55,52.5,Tomato
24/09/20,Kg,50,60,55,Tomato
26/09/20,Kg,42,48,45,Tomato
28/09/20,Kg,44,49,46.5,Tomato
29/09/20,Kg,50,55,52.5,Tomato
30/09/20,Kg,55,65,60,Tomato
08/10/20,Kg,30,35,32.5,Tomato
09/10/20,Kg,28,35,31.5,Tomato
10/10/20,Kg,30,36,33,Tomato
12/10/20,Kg,32,36,34,Tomato
13/10/20,Kg,35,40,37.5,Tomato
14/10/20,Kg,48,55,51.5,Tomato
15/10/20,Kg,60,65,62.5,Tomato
16/10/20,Kg,55,65,60,Tomato
17/10/20,Kg,55,65,60,Tomato
19/10/20,Kg,45,50,47.5,Tomato
20/10/20,Kg,45,50,47.5,Tomato
21/10/20,Kg,50,55,52.5,Tomato
22/10/20,Kg,55,60,57.5,Tomato
23/10/20,Kg,50,58,54,Tomato
24/10/20,Kg,42,58,50,Tomato
25/10/20,Kg,36,58,47,Tomato
26/10/20,Kg,25,30,27.5,Tomato
27/10/20,Kg,30,35,32.5,Tomato
28/10/20,Kg,35,40,37.5,Tomato
29/10/20,Kg,25,30,27.5,Tomato
30/10/20,Kg,24,28,26,Tomato
31/10/20,Kg,28,34,31,Tomato
01/11/20,Kg,28,32,30,Tomato
02/11/20,Kg,26,30,28,Tomato
03/11/20,Kg,28,32,30,Tomato
04/11/20,Kg,30,36,33,Tomato
05/11/20,Kg,30,35,32.5,Tomato
06/11/20,Kg,28,34,31,Tomato
07/11/20,Kg,30,35,32.5,Tomato
08/11/20,Kg,30,35,32.5,Tomato
09/11/20,Kg,28,34,31,Tomato
10/11/20,Kg,22,28,25,Tomato
11/11/20,Kg,24,28,26,Tomato
12/11/20,Kg,18,24,21,Tomato
13/11/20,Kg,18,22,20,Tomato
14/11/20,Kg,18,22,20,Tomato
15/11/20,Kg,18,22,20,Tomato
16/11/20,Kg,18,22,20,Tomato
17/11/20,Kg,16,20,18,Tomato
18/11/20,Kg,15,20,17.5,Tomato
19/11/20,Kg,18,20,19,Tomato
20/11/20,Kg,15,20,17.5,Tomato
21/11/20,Kg,16,20,18,Tomato
22/11/20,Kg,20,24,22,Tomato
23/11/20,Kg,20,26,23,Tomato
24/11/20,Kg,18,25,21.5,Tomato
25/11/20,Kg,20,25,22.5,Tomato
26/11/20,Kg,25,30,27.5,Tomato
27/11/20,Kg,28,35,31.5,Tomato
28/11/20,Kg,28,32,30,Tomato
29/11/20,Kg,28,32,30,Tomato
30/11/20,Kg,28,35,31.5,Tomato
01/12/20,Kg,22,28,25,Tomato
02/12/20,Kg,25,30,27.5,Tomato
03/12/20,Kg,25,30,27.5,Tomato
04/12/20,Kg,28,30,29,Tomato
05/12/20,Kg,28,32,30,Tomato
06/12/20,Kg,30,34,32,Tomato
07/12/20,Kg,30,34,32,Tomato
08/12/20,Kg,30,35,32.5,Tomato
09/12/20,Kg,32,35,33.5,Tomato
10/12/20,Kg,30,34,32,Tomato
11/12/20,Kg,25,30,27.5,Tomato
12/12/20,Kg,22,26,24,Tomato
13/12/20,Kg,18,22,20,Tomato
14/12/20,Kg,17,22,19.5,Tomato
15/12/20,Kg,22,28,25,Tomato
16/12/20,Kg,24,30,27,Tomato
17/12/20,Kg,32,36,34,Tomato
18/12/20,Kg,34,40,37,Tomato
19/12/20,Kg,30,35,32.5,Tomato
21/12/20,Kg,25,30,27.5,Tomato
22/12/20,Kg,25,35,30,Tomato
23/12/20,Kg,40,45,42.5,Tomato
24/12/20,Kg,35,45,40,Tomato
25/12/20,Kg,35,45,40,Tomato
26/12/20,Kg,38,44,41,Tomato
27/12/20,Kg,40,45,42.5,Tomato
28/12/20,Kg,35,40,37.5,Tomato
29/12/20,Kg,40,45,42.5,Tomato
30/12/20,Kg,40,45,42.5,Tomato
31/12/20,Kg,34,38,36,Tomato
01/01/21,Kg,32,36,34,Tomato
02/01/21,Kg,35,40,37.5,Tomato
03/01/21,Kg,40,45,42.5,Tomato
04/01/21,Kg,30,36,33,Tomato
05/01/21,Kg,30,40,35,Tomato
06/01/21,Kg,30,36,33,Tomato
07/01/21,Kg,25,30,27.5,Tomato
08/01/21,Kg,25,30,27.5,Tomato
09/01/21,Kg,16,22,19,Tomato
11/01/21,Kg,20,25,22.5,Tomato
12/01/21,Kg,18,22,20,Tomato
13/01/21,Kg,20,25,22.5,Tomato
14/01/21,Kg,20,25,22.5,Tomato
15/01/21,Kg,25,30,27.5,Tomato
16/01/21,Kg,28,32,30,Tomato
17/01/21,Kg,25,30,27.5,Tomato
18/01/21,Kg,26,30,28,Tomato
19/01/21,Kg,25,30,27.5,Tomato
20/01/21,Kg,25,30,27.5,Tomato
21/01/21,Kg,25,30,27.5,Tomato
22/01/21,Kg,25,30,27.5,Tomato
23/01/21,Kg,25,30,27.5,Tomato
25/01/21,Kg,22,24,23,Tomato
26/01/21,Kg,22,28,25,Tomato
27/01/21,Kg,20,22,21,Tomato
28/01/21,Kg,16,20,18,Tomato
29/01/21,Kg,15,20,17.5,Tomato
31/01/21,Kg,15,20,17.5,Tomato
01/02/21,Kg,14,18,16,Tomato
02/02/21,Kg,15,20,17.5,Tomato
03/02/21,Kg,18,22,20,Tomato
04/02/21,Kg,14,18,16,Tomato
05/02/21,Kg,14,18,16,Tomato
06/02/21,Kg,14,18,16,Tomato
07/02/21,Kg,16,20,18,Tomato
08/02/21,Kg,16,20,18,Tomato
09/02/21,Kg,15,20,17.5,Tomato
10/02/21,Kg,16,20,18,Tomato
11/02/21,Kg,15,20,17.5,Tomato
12/02/21,Kg,15,18,16.5,Tomato
13/02/21,Kg,16,20,18,Tomato
14/02/21,Kg,15,18,16.5,Tomato
15/02/21,Kg,15,18,16.5,Tomato
16/02/21,Kg,15,20,17.5,Tomato
18/02/21,Kg,12,16,14,Tomato
19/02/21,Kg,12,18,15,Tomato
20/02/21,Kg,12,16,14,Tomato
22/02/21,Kg,14,18,16,Tomato
23/02/21,Kg,14,18,16,Tomato
24/02/21,Kg,12,16,14,Tomato
25/02/21,Kg,14,18,16,Tomato
26/02/21,Kg,12,16,14,Tomato
27/02/21,Kg,12,18,15,Tomato
01/03/21,Kg,16,20,18,Tomato
02/03/21,Kg,16,20,18,Tomato
03/03/21,Kg,18,22,20,Tomato
06/03/21,Kg,18,24,21,Tomato
09/03/21,Kg,16,20,18,Tomato
10/03/21,Kg,16,20,18,Tomato
11/03/21,Kg,38,40,39,Tomato
12/03/21,Kg,30,36,33,Tomato
13/03/21,Kg,30,36,33,Tomato
14/03/21,Kg,30,35,32.5,Tomato
15/03/21,Kg,30,35,32.5,Tomato
16/03/21,Kg,40,44,42,Tomato
17/03/21,Kg,40,45,42.5,Tomato
18/03/21,Kg,40,45,42.5,Tomato
19/03/21,Kg,50,60,55,Tomato
20/03/21,Kg,50,60,55,Tomato
21/03/21,Kg,50,60,55,Tomato
22/03/21,Kg,50,60,55,Tomato
23/03/21,Kg,50,55,52.5,Tomato
24/03/21,Kg,50,55,52.5,Tomato
25/03/21,Kg,45,50,47.5,Tomato
26/03/21,Kg,40,50,45,Tomato
27/03/21,Kg,50,60,55,Tomato
28/03/21,Kg,50,55,52.5,Tomato
29/03/21,Kg,50,52,51,Tomato
30/03/21,Kg,50,55,52.5,Tomato
31/03/21,Kg,35,40,37.5,Tomato
01/04/21,Kg,28,30,29,Tomato
02/04/21,Kg,34,36,35,Tomato
03/04/21,Kg,30,35,32.5,Tomato
04/04/21,Kg,30,35,32.5,Tomato
05/04/21,Kg,30,35,32.5,Tomato
06/04/21,Kg,28,32,30,Tomato
07/04/21,Kg,25,30,27.5,Tomato
08/04/21,Kg,30,35,32.5,Tomato
10/04/21,Kg,40,45,42.5,Tomato
12/04/21,Kg,35,40,37.5,Tomato
13/04/21,Kg,32,35,33.5,Tomato
14/04/21,Kg,35,40,37.5,Tomato
15/04/21,Kg,30,35,32.5,Tomato
16/04/21,Kg,30,35,32.5,Tomato
17/04/21,Kg,30,35,32.5,Tomato
18/04/21,Kg,30,35,32.5,Tomato
19/04/21,Kg,30,35,32.5,Tomato
20/04/21,Kg,20,25,22.5,Tomato
21/04/21,Kg,30,35,32.5,Tomato
22/04/21,Kg,25,30,27.5,Tomato
23/04/21,Kg,30,35,32.5,Tomato
24/04/21,Kg,50,55,52.5,Tomato
25/04/21,Kg,50,60,55,Tomato
26/04/21,Kg,35,40,37.5,Tomato
27/04/21,Kg,35,35,35,Tomato
28/04/21,Kg,50,55,52.5,Tomato
29/04/21,Kg,55,60,57.5,Tomato
30/04/21,Kg,30,35,32.5,Tomato
01/05/21,Kg,30,35,32.5,Tomato
02/05/21,Kg,25,30,27.5,Tomato
03/05/21,Kg,12,15,13.5,Tomato
04/05/21,Kg,30,35,32.5,Tomato
05/05/21,Kg,45,50,47.5,Tomato
06/05/21,Kg,60,65,62.5,Tomato
07/05/21,Kg,55,60,57.5,Tomato
08/05/21,Kg,50,60,55,Tomato
10/05/21,Kg,50,55,52.5,Tomato
11/05/21,Kg,50,52,51,Tomato
12/05/21,Kg,40,45,42.5,Tomato
13/05/21,Kg,35,40,37.5,Tomato
14/05/21,Kg,35,40,37.5,Tomato
15/05/21,Kg,30,40,35,Tomato
16/05/21,Kg,30,36,33,Tomato
17/05/21,Kg,30,35,32.5,Tomato
18/05/21,Kg,30,35,32.5,Tomato
19/05/21,Kg,30,35,32.5,Tomato
20/05/21,Kg,35,40,37.5,Tomato
21/05/21,Kg,35,40,37.5,Tomato
22/05/21,Kg,60,65,62.5,Tomato
23/05/21,Kg,65,75,70,Tomato
24/05/21,Kg,70,75,72.5,Tomato
25/05/21,Kg,70,75,72.5,Tomato
26/05/21,Kg,70,75,72.5,Tomato
27/05/21,Kg,70,75,72.5,Tomato
28/05/21,Kg,70,75,72.5,Tomato
29/05/21,Kg,70,75,72.5,Tomato
30/05/21,Kg,70,80,75,Tomato
31/05/21,Kg,60,65,62.5,Tomato
01/06/21,Kg,50,55,52.5,Tomato
02/06/21,Kg,50,55,52.5,Tomato
03/06/21,Kg,55,60,57.5,Tomato
04/06/21,Kg,55,60,57.5,Tomato
05/06/21,Kg,55,60,57.5,Tomato
06/06/21,Kg,55,70,62.5,Tomato
07/06/21,Kg,40,45,42.5,Tomato
08/06/21,Kg,45,50,47.5,Tomato
09/06/21,Kg,45,50,47.5,Tomato
10/06/21,Kg,40,45,42.5,Tomato
11/06/21,Kg,50,55,52.5,Tomato
12/06/21,Kg,45,50,47.5,Tomato
13/06/21,Kg,45,55,50,Tomato
14/06/21,Kg,50,55,52.5,Tomato
15/06/21,Kg,38,43,40.5,Tomato
16/06/21,Kg,30,36,33,Tomato
17/06/21,Kg,38,40,39,Tomato
18/06/21,Kg,35,40,37.5,Tomato
19/06/21,Kg,35,40,37.5,Tomato
20/06/21,Kg,30,40,35,Tomato
21/06/21,Kg,35,40,37.5,Tomato
22/06/21,Kg,30,35,32.5,Tomato
23/06/21,Kg,34,38,36,Tomato
24/06/21,Kg,40,45,42.5,Tomato
25/06/21,Kg,35,43,39,Tomato
26/06/21,Kg,35,40,37.5,Tomato
27/06/21,Kg,30,50,40,Tomato
28/06/21,Kg,40,45,42.5,Tomato
29/06/21,Kg,40,50,45,Tomato
30/06/21,Kg,40,50,45,Tomato
01/07/21,Kg,40,50,45,Tomato
02/07/21,Kg,40,50,45,Tomato
03/07/21,Kg,35,40,37.5,Tomato
04/07/21,Kg,30,42,36,Tomato
05/07/21,Kg,40,50,45,Tomato
06/07/21,Kg,40,50,45,Tomato
07/07/21,Kg,50,60,55,Tomato
08/07/21,Kg,50,60,55,Tomato
09/07/21,Kg,50,60,55,Tomato
10/07/21,Kg,50,60,55,Tomato
11/07/21,Kg,50,60,55,Tomato
12/07/21,Kg,60,70,65,Tomato
13/07/21,Kg,60,70,65,Tomato
14/07/21,Kg,60,70,65,Tomato
15/07/21,Kg,50,60,55,Tomato
16/07/21,Kg,50,60,55,Tomato
17/07/21,Kg,50,60,55,Tomato
18/07/21,Kg,50,60,55,Tomato
19/07/21,Kg,50,60,55,Tomato
20/07/21,Kg,50,60,55,Tomato
21/07/21,Kg,60,70,65,Tomato
22/07/21,Kg,50,60,55,Tomato
23/07/21,Kg,50,60,55,Tomato
24/07/21,Kg,50,60,55,Tomato
25/07/21,Kg,40,50,45,Tomato
26/07/21,Kg,40,50,45,Tomato
27/07/21,Kg,40,50,45,Tomato
28/07/21,Kg,40,50,45,Tomato
29/07/21,Kg,45,55,50,Tomato
30/07/21,Kg,45,55,50,Tomato
31/07/21,Kg,45,55,50,Tomato
01/08/21,Kg,45,54,49.5,Tomato
02/08/21,Kg,50,60,55,Tomato
03/08/21,Kg,50,60,55,Tomato
04/08/21,Kg,50,60,55,Tomato
05/08/21,Kg,50,60,55,Tomato
06/08/21,Kg,60,70,65,Tomato
07/08/21,Kg,60,68,64,Tomato
08/08/21,Kg,68,80,74,Tomato
09/08/21,Kg,70,80,75,Tomato
10/08/21,Kg,70,75,72.5,Tomato
11/08/21,Kg,60,70,65,Tomato
12/08/21,Kg,60,70,65,Tomato
13/08/21,Kg,50,60,55,Tomato
14/08/21,Kg,45,55,50,Tomato
15/08/21,Kg,44,50,47,Tomato
16/08/21,Kg,40,50,45,Tomato
17/08/21,Kg,40,50,45,Tomato
18/08/21,Kg,40,50,45,Tomato
19/08/21,Kg,35,45,40,Tomato
20/08/21,Kg,35,40,37.5,Tomato
21/08/21,Kg,35,40,37.5,Tomato
22/08/21,Kg,30,40,35,Tomato
23/08/21,Kg,35,40,37.5,Tomato
24/08/21,Kg,35,40,37.5,Tomato
25/08/21,Kg,40,50,45,Tomato
26/08/21,Kg,40,50,45,Tomato
27/08/21,Kg,50,60,55,Tomato
28/08/21,Kg,55,60,57.5,Tomato
29/08/21,Kg,50,55,52.5,Tomato
30/08/21,Kg,45,50,47.5,Tomato
31/08/21,Kg,40,45,42.5,Tomato
01/09/21,Kg,35,40,37.5,Tomato
02/09/21,Kg,30,40,35,Tomato
03/09/21,Kg,30,40,35,Tomato
04/09/21,Kg,30,35,32.5,Tomato
05/09/21,Kg,28,30,29,Tomato
06/09/21,Kg,30,35,32.5,Tomato
07/09/21,Kg,28,35,31.5,Tomato
08/09/21,Kg,28,35,31.5,Tomato
09/09/21,Kg,25,30,27.5,Tomato
10/09/21,Kg,25,30,27.5,Tomato
11/09/21,Kg,25,30,27.5,Tomato
12/09/21,Kg,24,28,26,Tomato
13/09/21,Kg,30,40,35,Tomato
14/09/21,Kg,35,45,40,Tomato
15/09/21,Kg,28,35,31.5,Tomato
16/09/21,Kg,25,35,30,Tomato
17/09/21,Kg,25,30,27.5,Tomato
18/09/21,Kg,25,35,30,Tomato
19/09/21,Kg,20,26,23,Tomato
20/09/21,Kg,25,30,27.5,Tomato
21/09/21,Kg,15,25,20,Tomato
22/09/21,Kg,20,25,22.5,Tomato
23/09/21,Kg,25,35,30,Tomato
24/09/21,Kg,20,30,25,Tomato
25/09/21,Kg,20,30,25,Tomato
26/09/21,Kg,18,26,22,Tomato
27/09/21,Kg,25,30,27.5,Tomato
28/09/21,Kg,20,30,25,Tomato
29/09/21,Kg,20,25,22.5,Tomato
30/09/21,Kg,20,30,25,Tomato
01/10/21,Kg,20,30,25,Tomato
02/10/21,Kg,20,25,22.5,Tomato
03/10/21,Kg,16,24,20,Tomato
04/10/21,Kg,20,25,22.5,Tomato
05/10/21,Kg,15,20,17.5,Tomato
06/10/21,Kg,15,20,17.5,Tomato
07/10/21,Kg,20,25,22.5,Tomato
08/10/21,Kg,20,25,22.5,Tomato
09/10/21,Kg,20,25,22.5,Tomato
10/10/21,Kg,18,25,21.5,Tomato
11/10/21,Kg,20,25,22.5,Tomato
12/10/21,Kg,20,30,25,Tomato
13/10/21,Kg,20,25,22.5,Tomato
14/10/21,Kg,15,25,20,Tomato
15/10/21,Kg,15,25,20,Tomato
16/10/21,Kg,15,25,20,Tomato
17/10/21,Kg,12,16,14,Tomato
18/10/21,Kg,15,20,17.5,Tomato
19/10/21,Kg,15,25,20,Tomato
20/10/21,Kg,15,20,17.5,Tomato
21/10/21,Kg,20,30,25,Tomato
22/10/21,Kg,40,50,45,Tomato
23/10/21,Kg,50,60,55,Tomato
24/10/21,Kg,30,35,32.5,Tomato
25/10/21,Kg,20,30,25,Tomato
26/10/21,Kg,20,25,22.5,Tomato
27/10/21,Kg,15,20,17.5,Tomato
28/10/21,Kg,10,20,15,Tomato
29/10/21,Kg,10,20,15,Tomato
30/10/21,Kg,40,50,45,Tomato
31/10/21,Kg,24,35,29.5,Tomato
01/11/21,Kg,20,30,25,Tomato
02/11/21,Kg,20,30,25,Tomato
03/11/21,Kg,25,30,27.5,Tomato
04/11/21,Kg,40,45,42.5,Tomato
05/11/21,Kg,40,50,45,Tomato
06/11/21,Kg,40,50,45,Tomato
07/11/21,Kg,44,55,49.5,Tomato
08/11/21,Kg,60,70,65,Tomato
09/11/21,Kg,50,60,55,Tomato
10/11/21,Kg,50,60,55,Tomato
11/11/21,Kg,60,70,65,Tomato
12/11/21,Kg,50,60,55,Tomato
13/11/21,Kg,55,60,57.5,Tomato
14/11/21,Kg,56,68,62,Tomato
15/11/21,Kg,90,100,95,Tomato
16/11/21,Kg,55,65,60,Tomato
17/11/21,Kg,45,55,50,Tomato
18/11/21,Kg,30,40,35,Tomato
19/11/21,Kg,35,45,40,Tomato
20/11/21,Kg,50,60,55,Tomato
21/11/21,Kg,50,56,53,Tomato
22/11/21,Kg,60,70,65,Tomato
23/11/21,Kg,70,75,72.5,Tomato
24/11/21,Kg,50,60,55,Tomato
25/11/21,Kg,60,70,65,Tomato
26/11/21,Kg,60,70,65,Tomato
27/11/21,Kg,60,70,65,Tomato
28/11/21,Kg,55,65,60,Tomato
29/11/21,Kg,50,65,57.5,Tomato
30/11/21,Kg,50,60,55,Tomato
01/12/21,Kg,50,60,55,Tomato
02/12/21,Kg,50,60,55,Tomato
03/12/21,Kg,50,60,55,Tomato
04/12/21,Kg,45,50,47.5,Tomato
05/12/21,Kg,42,52,47,Tomato
06/12/21,Kg,40,50,45,Tomato
07/12/21,Kg,45,55,50,Tomato
08/12/21,Kg,40,50,45,Tomato
09/12/21,Kg,50,55,52.5,Tomato
10/12/21,Kg,45,50,47.5,Tomato
11/12/21,Kg,45,50,47.5,Tomato
12/12/21,Kg,45,58,51.5,Tomato
13/12/21,Kg,45,50,47.5,Tomato
14/12/21,Kg,45,50,47.5,Tomato
15/12/21,Kg,45,55,50,Tomato
16/12/21,Kg,45,50,47.5,Tomato
17/12/21,Kg,40,50,45,Tomato
18/12/21,Kg,40,50,45,Tomato
19/12/21,Kg,35,45,40,Tomato
20/12/21,Kg,40,50,45,Tomato
21/12/21,Kg,40,50,45,Tomato
22/12/21,Kg,40,50,45,Tomato
23/12/21,Kg,40,50,45,Tomato
24/12/21,Kg,40,50,45,Tomato
25/12/21,Kg,45,52,48.5,Tomato
26/12/21,Kg,50,60,55,Tomato
27/12/21,Kg,40,50,45,Tomato
28/12/21,Kg,40,50,45,Tomato
29/12/21,Kg,40,50,45,Tomato
30/12/21,Kg,40,45,42.5,Tomato
31/12/21,Kg,40,50,45,Tomato
01/01/22,Kg,40,50,45,Tomato
02/01/22,Kg,35,44,39.5,Tomato
03/01/22,Kg,30,40,35,Tomato
04/01/22,Kg,30,40,35,Tomato
05/01/22,Kg,25,30,27.5,Tomato
06/01/22,Kg,20,30,25,Tomato
07/01/22,Kg,15,20,17.5,Tomato
08/01/22,Kg,15,20,17.5,Tomato
09/01/22,Kg,15,20,17.5,Tomato
10/01/22,Kg,15,20,17.5,Tomato
11/01/22,Kg,15,20,17.5,Tomato
12/01/22,Kg,15,20,17.5,Tomato
13/01/22,Kg,15,20,17.5,Tomato
14/01/22,Kg,15,20,17.5,Tomato
15/01/22,Kg,15,20,17.5,Tomato
16/01/22,Kg,15,24,19.5,Tomato
17/01/22,Kg,15,20,17.5,Tomato
18/01/22,Kg,15,20,17.5,Tomato
19/01/22,Kg,15,20,17.5,Tomato
20/01/22,Kg,15,20,17.5,Tomato
21/01/22,Kg,15,20,17.5,Tomato
22/01/22,Kg,15,20,17.5,Tomato
23/01/22,Kg,25,30,27.5,Tomato
24/01/22,Kg,20,30,25,Tomato
25/01/22,Kg,20,30,25,Tomato
26/01/22,Kg,18,25,21.5,Tomato
27/01/22,Kg,15,20,17.5,Tomato
28/01/22,Kg,15,20,17.5,Tomato
29/01/22,Kg,20,25,22.5,Tomato
30/01/22,Kg,20,25,22.5,Tomato
31/01/22,Kg,15,20,17.5,Tomato
01/02/22,Kg,20,30,25,Tomato
02/02/22,Kg,20,30,25,Tomato
03/02/22,Kg,20,30,25,Tomato
04/02/22,Kg,30,35,32.5,Tomato
05/02/22,Kg,25,30,27.5,Tomato
06/02/22,Kg,25,30,27.5,Tomato
07/02/22,Kg,20,30,25,Tomato
08/02/22,Kg,25,30,27.5,Tomato
09/02/22,Kg,20,25,22.5,Tomato
10/02/22,Kg,20,30,25,Tomato
11/02/22,Kg,25,30,27.5,Tomato
12/02/22,Kg,25,30,27.5,Tomato
13/02/22,Kg,20,25,22.5,Tomato
14/02/22,Kg,25,30,27.5,Tomato
15/02/22,Kg,25,30,27.5,Tomato
16/02/22,Kg,25,30,27.5,Tomato
17/02/22,Kg,25,30,27.5,Tomato
18/02/22,Kg,25,30,27.5,Tomato
19/02/22,Kg,25,30,27.5,Tomato
20/02/22,Kg,30,35,32.5,Tomato
21/02/22,Kg,20,30,25,Tomato
22/02/22,Kg,20,25,22.5,Tomato
23/02/22,Kg,20,30,25,Tomato
24/02/22,Kg,25,30,27.5,Tomato
25/02/22,Kg,20,30,25,Tomato
26/02/22,Kg,20,25,22.5,Tomato
27/02/22,Kg,20,24,22,Tomato
28/02/22,Kg,20,25,22.5,Tomato
01/03/22,Kg,20,25,22.5,Tomato
02/03/22,Kg,25,30,27.5,Tomato
04/03/22,Kg,25,30,27.5,Tomato
05/03/22,Kg,30,35,32.5,Tomato
06/03/22,Kg,30,40,35,Tomato
07/03/22,Kg,25,32,28.5,Tomato
08/03/22,Kg,25,28,26.5,Tomato
09/03/22,Kg,20,25,22.5,Tomato
10/03/22,Kg,25,30,27.5,Tomato
11/03/22,Kg,25,30,27.5,Tomato
12/03/22,Kg,28,35,31.5,Tomato
13/03/22,Kg,25,30,27.5,Tomato
15/03/22,Kg,35,40,37.5,Tomato
16/03/22,Kg,35,40,37.5,Tomato
17/03/22,Kg,30,40,35,Tomato
18/03/22,Kg,35,40,37.5,Tomato
19/03/22,Kg,38,40,39,Tomato
20/03/22,Kg,40,45,42.5,Tomato
21/03/22,Kg,40,50,45,Tomato
22/03/22,Kg,40,50,45,Tomato
23/03/22,Kg,40,45,42.5,Tomato
24/03/22,Kg,40,50,45,Tomato
25/03/22,Kg,40,50,45,Tomato
26/03/22,Kg,37,42,39.5,Tomato
27/03/22,Kg,40,45,42.5,Tomato
28/03/22,Kg,40,45,42.5,Tomato
29/03/22,Kg,30,40,35,Tomato
30/03/22,Kg,30,35,32.5,Tomato
31/03/22,Kg,30,35,32.5,Tomato
01/04/22,Kg,25,30,27.5,Tomato
02/04/22,Kg,35,40,37.5,Tomato
03/04/22,Kg,30,35,32.5,Tomato
04/04/22,Kg,25,30,27.5,Tomato
05/04/22,Kg,25,30,27.5,Tomato
06/04/22,Kg,25,30,27.5,Tomato
07/04/22,Kg,25,30,27.5,Tomato
08/04/22,Kg,35,40,37.5,Tomato
09/04/22,Kg,28,35,31.5,Tomato
10/04/22,Kg,25,30,27.5,Tomato
11/04/22,Kg,25,30,27.5,Tomato
12/04/22,Kg,22,30,26,Tomato
13/04/22,Kg,25,30,27.5,Tomato
14/04/22,Kg,25,30,27.5,Tomato
15/04/22,Kg,25,30,27.5,Tomato
16/04/22,Kg,20,25,22.5,Tomato
17/04/22,Kg,20,25,22.5,Tomato
18/04/22,Kg,15,20,17.5,Tomato
19/04/22,Kg,15,20,17.5,Tomato
20/04/22,Kg,15,20,17.5,Tomato
21/04/22,Kg,15,20,17.5,Tomato
22/04/22,Kg,20,25,22.5,Tomato
23/04/22,Kg,25,30,27.5,Tomato
24/04/22,Kg,30,35,32.5,Tomato
25/04/22,Kg,30,40,35,Tomato
26/04/22,Kg,30,40,35,Tomato
27/04/22,Kg,35,45,40,Tomato
28/04/22,Kg,38,45,41.5,Tomato
29/04/22,Kg,45,50,47.5,Tomato
30/04/22,Kg,40,45,42.5,Tomato
01/05/22,Kg,30,42,36,Tomato
02/05/22,Kg,40,50,45,Tomato
03/05/22,Kg,40,50,45,Tomato
04/05/22,Kg,50,60,55,Tomato
05/05/22,Kg,60,70,65,Tomato
06/05/22,Kg,60,65,62.5,Tomato
07/05/22,Kg,60,65,62.5,Tomato
08/05/22,Kg,50,60,55,Tomato
09/05/22,Kg,50,60,55,Tomato
10/05/22,Kg,50,60,55,Tomato
11/05/22,Kg,50,60,55,Tomato
12/05/22,Kg,50,60,55,Tomato
13/05/22,Kg,50,60,55,Tomato
14/05/22,Kg,55,60,57.5,Tomato
15/05/22,Kg,60,65,62.5,Tomato
16/05/22,Kg,50,55,52.5,Tomato
17/05/22,Kg,50,60,55,Tomato
18/05/22,Kg,45,55,50,Tomato
19/05/22,Kg,55,65,60,Tomato
20/05/22,Kg,70,80,75,Tomato
21/05/22,Kg,60,70,65,Tomato
22/05/22,Kg,70,80,75,Tomato
23/05/22,Kg,70,80,75,Tomato
24/05/22,Kg,60,70,65,Tomato
25/05/22,Kg,50,60,55,Tomato
26/05/22,Kg,50,60,55,Tomato
27/05/22,Kg,50,60,55,Tomato
28/05/22,Kg,60,70,65,Tomato
29/05/22,Kg,50,60,55,Tomato
30/05/22,Kg,60,70,65,Tomato
31/05/22,Kg,60,70,65,Tomato
01/06/22,Kg,50,60,55,Tomato
02/06/22,Kg,60,70,65,Tomato
03/06/22,Kg,60,70,65,Tomato
04/06/22,Kg,50,60,55,Tomato
05/06/22,Kg,60,70,65,Tomato
06/06/22,Kg,70,80,75,Tomato
07/06/22,Kg,50,60,55,Tomato
08/06/22,Kg,50,60,55,Tomato
09/06/22,Kg,40,50,45,Tomato
10/06/22,Kg,50,60,55,Tomato
11/06/22,Kg,40,55,47.5,Tomato
12/06/22,Kg,50,60,55,Tomato
13/06/22,Kg,50,60,55,Tomato
14/06/22,Kg,35,45,40,Tomato
15/06/22,Kg,35,40,37.5,Tomato
16/06/22,Kg,30,38,34,Tomato
17/06/22,Kg,40,50,45,Tomato
18/06/22,Kg,25,40,32.5,Tomato
19/06/22,Kg,40,50,45,Tomato
20/06/22,Kg,40,50,45,Tomato
21/06/22,Kg,45,50,47.5,Tomato
22/06/22,Kg,50,60,55,Tomato
23/06/22,Kg,50,60,55,Tomato
24/06/22,Kg,40,50,45,Tomato
25/06/22,Kg,30,40,35,Tomato
26/06/22,Kg,50,60,55,Tomato
27/06/22,Kg,50,55,52.5,Tomato
28/06/22,Kg,60,70,65,Tomato
29/06/22,Kg,60,70,65,Tomato
30/06/22,Kg,60,70,65,Tomato
01/07/22,Kg,60,70,65,Tomato
02/07/22,Kg,65,70,67.5,Tomato
03/07/22,Kg,60,70,65,Tomato
04/07/22,Kg,60,70,65,Tomato
05/07/22,Kg,60,70,65,Tomato
06/07/22,Kg,60,70,65,Tomato
07/07/22,Kg,60,70,65,Tomato
08/07/22,Kg,60,70,65,Tomato
09/07/22,Kg,60,70,65,Tomato
10/07/22,Kg,60,70,65,Tomato
11/07/22,Kg,70,80,75,Tomato
12/07/22,Kg,60,70,65,Tomato
13/07/22,Kg,60,70,65,Tomato
14/07/22,Kg,65,70,67.5,Tomato
15/07/22,Kg,55,60,57.5,Tomato
16/07/22,Kg,55,60,57.5,Tomato
17/07/22,Kg,60,65,62.5,Tomato
18/07/22,Kg,55,60,57.5,Tomato
19/07/22,Kg,50,60,55,Tomato
20/07/22,Kg,50,60,55,Tomato
21/07/22,Kg,50,55,52.5,Tomato
22/07/22,Kg,55,65,60,Tomato
23/07/22,Kg,58,65,61.5,Tomato
24/07/22,Kg,60,70,65,Tomato
25/07/22,Kg,60,70,65,Tomato
26/07/22,Kg,80,90,85,Tomato
27/07/22,Kg,75,85,80,Tomato
28/07/22,Kg,70,80,75,Tomato
29/07/22,Kg,85,90,87.5,Tomato
30/07/22,Kg,80,85,82.5,Tomato
31/07/22,Kg,80,90,85,Tomato
01/08/22,Kg,75,80,77.5,Tomato
02/08/22,Kg,70,80,75,Tomato
03/08/22,Kg,70,75,72.5,Tomato
04/08/22,Kg,65,70,67.5,Tomato
05/08/22,Kg,65,70,67.5,Tomato
06/08/22,Kg,80,90,85,Tomato
07/08/22,Kg,70,75,72.5,Tomato
08/08/22,Kg,65,70,67.5,Tomato
09/08/22,Kg,60,70,65,Tomato
10/08/22,Kg,50,60,55,Tomato
11/08/22,Kg,50,60,55,Tomato
12/08/22,Kg,50,60,55,Tomato
13/08/22,Kg,50,60,55,Tomato
14/08/22,Kg,50,55,52.5,Tomato
15/08/22,Kg,45,55,50,Tomato
16/08/22,Kg,45,55,50,Tomato
17/08/22,Kg,45,55,50,Tomato
18/08/22,Kg,50,60,55,Tomato
19/08/22,Kg,75,80,77.5,Tomato
20/08/22,Kg,55,60,57.5,Tomato
21/08/22,Kg,50,60,55,Tomato
22/08/22,Kg,40,50,45,Tomato
23/08/22,Kg,40,50,45,Tomato
24/08/22,Kg,45,50,47.5,Tomato
25/08/22,Kg,50,55,52.5,Tomato
26/08/22,Kg,40,50,45,Tomato
27/08/22,Kg,40,48,44,Tomato
28/08/22,Kg,50,60,55,Tomato
29/08/22,Kg,45,55,50,Tomato
30/08/22,Kg,45,55,50,Tomato
31/08/22,Kg,45,55,50,Tomato
01/09/22,Kg,45,55,50,Tomato
02/09/22,Kg,45,55,50,Tomato
03/09/22,Kg,45,52,48.5,Tomato
04/09/22,Kg,45,55,50,Tomato
05/09/22,Kg,45,55,50,Tomato
06/09/22,Kg,40,50,45,Tomato
07/09/22,Kg,40,50,45,Tomato
08/09/22,Kg,35,45,40,Tomato
09/09/22,Kg,35,45,40,Tomato
10/09/22,Kg,38,45,41.5,Tomato
11/09/22,Kg,35,45,40,Tomato
12/09/22,Kg,35,45,40,Tomato
13/09/22,Kg,45,55,50,Tomato
14/09/22,Kg,40,50,45,Tomato
15/09/22,Kg,40,45,42.5,Tomato
16/09/22,Kg,45,55,50,Tomato
17/09/22,Kg,45,50,47.5,Tomato
18/09/22,Kg,50,60,55,Tomato
19/09/22,Kg,40,50,45,Tomato
20/09/22,Kg,45,55,50,Tomato
21/09/22,Kg,48,55,51.5,Tomato
22/09/22,Kg,40,50,45,Tomato
23/09/22,Kg,40,45,42.5,Tomato
24/09/22,Kg,45,50,47.5,Tomato
25/09/22,Kg,45,55,50,Tomato
26/09/22,Kg,50,60,55,Tomato
27/09/22,Kg,45,55,50,Tomato
28/09/22,Kg,45,55,50,Tomato
29/09/22,Kg,45,55,50,Tomato
30/09/22,Kg,50,60,55,Tomato
01/10/22,Kg,50,60,55,Tomato
02/10/22,Kg,60,70,65,Tomato
03/10/22,Kg,65,70,67.5,Tomato
04/10/22,Kg,70,80,75,Tomato
05/10/22,Kg,60,70,65,Tomato
06/10/22,Kg,65,75,70,Tomato
07/10/22,Kg,60,70,65,Tomato
08/10/22,Kg,60,70,65,Tomato
09/10/22,Kg,70,75,72.5,Tomato
10/10/22,Kg,65,75,70,Tomato
11/10/22,Kg,80,90,85,Tomato
12/10/22,Kg,60,70,65,Tomato
13/10/22,Kg,55,65,60,Tomato
14/10/22,Kg,50,60,55,Tomato
15/10/22,Kg,50,54,52,Tomato
16/10/22,Kg,55,65,60,Tomato
17/10/22,Kg,65,70,67.5,Tomato
18/10/22,Kg,70,80,75,Tomato
19/10/22,Kg,70,80,75,Tomato
20/10/22,Kg,75,80,77.5,Tomato
21/10/22,Kg,70,80,75,Tomato
22/10/22,Kg,50,55,52.5,Tomato
23/10/22,Kg,50,60,55,Tomato
24/10/22,Kg,60,70,65,Tomato
25/10/22,Kg,50,60,55,Tomato
26/10/22,Kg,40,50,45,Tomato
27/10/22,Kg,40,50,45,Tomato
28/10/22,Kg,40,50,45,Tomato
29/10/22,Kg,38,45,41.5,Tomato
30/10/22,Kg,35,45,40,Tomato
31/10/22,Kg,40,50,45,Tomato
01/11/22,Kg,40,50,45,Tomato
02/11/22,Kg,35,45,40,Tomato
03/11/22,Kg,35,45,40,Tomato
04/11/22,Kg,35,45,40,Tomato
05/11/22,Kg,30,40,35,Tomato
06/11/22,Kg,30,38,34,Tomato
07/11/22,Kg,30,40,35,Tomato
08/11/22,Kg,30,40,35,Tomato
09/11/22,Kg,30,40,35,Tomato
10/11/22,Kg,30,40,35,Tomato
11/11/22,Kg,35,40,37.5,Tomato
12/11/22,Kg,40,48,44,Tomato
13/11/22,Kg,30,40,35,Tomato
14/11/22,Kg,30,40,35,Tomato
15/11/22,Kg,30,40,35,Tomato
16/11/22,Kg,30,40,35,Tomato
17/11/22,Kg,25,35,30,Tomato
18/11/22,Kg,25,35,30,Tomato
19/11/22,Kg,25,30,27.5,Tomato
20/11/22,Kg,25,35,30,Tomato
21/11/22,Kg,25,35,30,Tomato
22/11/22,Kg,25,35,30,Tomato
23/11/22,Kg,30,40,35,Tomato
24/11/22,Kg,25,35,30,Tomato
25/11/22,Kg,30,40,35,Tomato
26/11/22,Kg,35,40,37.5,Tomato
27/11/22,Kg,30,40,35,Tomato
28/11/22,Kg,30,40,35,Tomato
29/11/22,Kg,30,40,35,Tomato
30/11/22,Kg,30,40,35,Tomato
01/12/22,Kg,25,35,30,Tomato
02/12/22,Kg,25,35,30,Tomato
03/12/22,Kg,28,35,31.5,Tomato
04/12/22,Kg,25,35,30,Tomato
05/12/22,Kg,25,35,30,Tomato
06/12/22,Kg,25,35,30,Tomato
07/12/22,Kg,30,40,35,Tomato
08/12/22,Kg,30,40,35,Tomato
09/12/22,Kg,30,40,35,Tomato
10/12/22,Kg,35,40,37.5,Tomato
11/12/22,Kg,30,40,35,Tomato
12/12/22,Kg,30,40,35,Tomato
13/12/22,Kg,30,40,35,Tomato
14/12/22,Kg,30,35,32.5,Tomato
15/12/22,Kg,30,35,32.5,Tomato
16/12/22,Kg,28,35,31.5,Tomato
17/12/22,Kg,30,35,32.5,Tomato
18/12/22,Kg,30,40,35,Tomato
19/12/22,Kg,30,40,35,Tomato
20/12/22,Kg,30,40,35,Tomato
21/12/22,Kg,30,40,35,Tomato
22/12/22,Kg,30,40,35,Tomato
23/12/22,Kg,30,35,32.5,Tomato
24/12/22,Kg,28,30,29,Tomato
25/12/22,Kg,25,35,30,Tomato
26/12/22,Kg,25,35,30,Tomato
27/12/22,Kg,20,25,22.5,Tomato
28/12/22,Kg,20,30,25,Tomato
29/12/22,Kg,20,30,25,Tomato
30/12/22,Kg,20,25,22.5,Tomato
31/12/22,Kg,20,25,22.5,Tomato
01/01/17,Kg,20,30,25,Tomato
02/01/17,Kg,20,30,25,Tomato
03/01/17,Kg,20,30,25,Tomato
04/01/17,Kg,20,30,25,Tomato
05/01/17,Kg,20,30,25,Tomato
06/01/17,Kg,20,30,25,Tomato
07/01/17,Kg,25,30,27.5,Tomato
08/01/17,Kg,20,30,25,Tomato
09/01/17,Kg,20,30,25,Tomato
10/01/17,Kg,20,25,22.5,Tomato
11/01/17,Kg,25,30,27.5,Tomato
12/01/17,Kg,20,30,25,Tomato
13/01/17,Kg,20,30,25,Tomato
14/01/17,Kg,20,25,22.5,Tomato
15/01/17,Kg,20,30,25,Tomato
16/01/17,Kg,20,30,25,Tomato
17/01/17,Kg,20,30,25,Tomato
18/01/17,Kg,40,50,45,Tomato
19/01/17,Kg,20,30,25,Tomato
20/01/17,Kg,20,25,22.5,Tomato
21/01/17,Kg,25,30,27.5,Tomato
22/01/17,Kg,20,30,25,Tomato
23/01/17,Kg,20,30,25,Tomato
24/01/17,Kg,20,30,25,Tomato
25/01/17,Kg,20,30,25,Tomato
26/01/17,Kg,15,25,20,Tomato
27/01/17,Kg,15,20,17.5,Tomato
28/01/17,Kg,20,25,22.5,Tomato
29/01/17,Kg,20,25,22.5,Tomato
30/01/17,Kg,18,24,21,Tomato
31/01/17,Kg,15,25,20,Tomato
01/02/17,Kg,15,25,20,Tomato
02/02/17,Kg,15,25,20,Tomato
03/02/17,Kg,15,25,20,Tomato
04/02/17,Kg,15,24,19.5,Tomato
05/02/17,Kg,10,20,15,Tomato
06/02/17,Kg,10,20,15,Tomato
07/02/17,Kg,10,20,15,Tomato
08/02/17,Kg,15,25,20,Tomato
09/02/17,Kg,15,20,17.5,Tomato
10/02/17,Kg,15,20,17.5,Tomato
11/02/17,Kg,15,20,17.5,Tomato
12/02/17,Kg,15,20,17.5,Tomato
13/02/17,Kg,15,20,17.5,Tomato
14/02/17,Kg,15,20,17.5,Tomato
15/02/17,Kg,15,20,17.5,Tomato
16/02/17,Kg,15,20,17.5,Tomato
17/02/17,Kg,15,20,17.5,Tomato
18/02/17,Kg,15,20,17.5,Tomato
19/02/17,Kg,15,20,17.5,Tomato
20/02/17,Kg,15,20,17.5,Tomato
21/02/17,Kg,15,20,17.5,Tomato
22/02/17,Kg,15,20,17.5,Tomato
23/02/17,Kg,15,20,17.5,Tomato
25/02/17,Kg,15,20,17.5,Tomato
26/02/17,Kg,15,20,17.5,Tomato
27/02/17,Kg,15,20,17.5,Tomato
28/02/17,Kg,20,25,22.5,Tomato
01/03/17,Kg,20,25,22.5,Tomato
02/03/17,Kg,20,25,22.5,Tomato
04/03/17,Kg,20,25,22.5,Tomato
05/03/17,Kg,25,30,27.5,Tomato
06/03/17,Kg,24,30,27,Tomato
07/03/17,Kg,25,30,27.5,Tomato
08/03/17,Kg,25,30,27.5,Tomato
09/03/17,Kg,25,30,27.5,Tomato
10/03/17,Kg,25,30,27.5,Tomato
11/03/17,Kg,25,30,27.5,Tomato
13/03/17,Kg,30,35,32.5,Tomato
14/03/17,Kg,30,35,32.5,Tomato
15/03/17,Kg,30,35,32.5,Tomato
16/03/17,Kg,25,30,27.5,Tomato
17/03/17,Kg,25,30,27.5,Tomato
18/03/17,Kg,28,32,30,Tomato
19/03/17,Kg,25,30,27.5,Tomato
20/03/17,Kg,25,30,27.5,Tomato
21/03/17,Kg,25,30,27.5,Tomato
22/03/17,Kg,25,30,27.5,Tomato
23/03/17,Kg,25,30,27.5,Tomato
24/03/17,Kg,25,30,27.5,Tomato
25/03/17,Kg,25,30,27.5,Tomato
26/03/17,Kg,25,30,27.5,Tomato
27/03/17,Kg,30,35,32.5,Tomato
28/03/17,Kg,35,40,37.5,Tomato
29/03/17,Kg,35,40,37.5,Tomato
30/03/17,Kg,30,35,32.5,Tomato
31/03/17,Kg,30,35,32.5,Tomato
01/04/17,Kg,30,35,32.5,Tomato
02/04/17,Kg,25,30,27.5,Tomato
03/04/17,Kg,30,35,32.5,Tomato
04/04/17,Kg,30,35,32.5,Tomato
05/04/17,Kg,30,35,32.5,Tomato
06/04/17,Kg,30,35,32.5,Tomato
07/04/17,Kg,30,35,32.5,Tomato
08/04/17,Kg,30,35,32.5,Tomato
09/04/17,Kg,30,35,32.5,Tomato
10/04/17,Kg,25,30,27.5,Tomato
11/04/17,Kg,20,28,24,Tomato
12/04/17,Kg,20,28,24,Tomato
13/04/17,Kg,24,30,27,Tomato
14/04/17,Kg,30,40,35,Tomato
15/04/17,Kg,30,35,32.5,Tomato
16/04/17,Kg,30,35,32.5,Tomato
17/04/17,Kg,30,35,32.5,Tomato
18/04/17,Kg,30,35,32.5,Tomato
19/04/17,Kg,30,35,32.5,Tomato
20/04/17,Kg,30,35,32.5,Tomato
21/04/17,Kg,25,30,27.5,Tomato
22/04/17,Kg,30,35,32.5,Tomato
23/04/17,Kg,30,35,32.5,Tomato
24/04/17,Kg,30,35,32.5,Tomato
25/04/17,Kg,25,30,27.5,Tomato
26/04/17,Kg,25,30,27.5,Tomato
27/04/17,Kg,25,30,27.5,Tomato
28/04/17,Kg,25,30,27.5,Tomato
29/04/17,Kg,25,30,27.5,Tomato
30/04/17,Kg,25,30,27.5,Tomato
01/05/17,Kg,25,30,27.5,Tomato
02/05/17,Kg,25,30,27.5,Tomato
03/05/17,Kg,30,35,32.5,Tomato
04/05/17,Kg,25,30,27.5,Tomato
05/05/17,Kg,25,30,27.5,Tomato
06/05/17,Kg,25,30,27.5,Tomato
07/05/17,Kg,25,30,27.5,Tomato
08/05/17,Kg,25,30,27.5,Tomato
09/05/17,Kg,25,30,27.5,Tomato
10/05/17,Kg,30,35,32.5,Tomato
11/05/17,Kg,35,40,37.5,Tomato
12/05/17,Kg,40,50,45,Tomato
13/05/17,Kg,35,45,40,Tomato
15/05/17,Kg,35,45,40,Tomato
16/05/17,Kg,40,50,45,Tomato
17/05/17,Kg,40,50,45,Tomato
18/05/17,Kg,40,45,42.5,Tomato
19/05/17,Kg,45,50,47.5,Tomato
20/05/17,Kg,45,50,47.5,Tomato
21/05/17,Kg,30,35,32.5,Tomato
22/05/17,Kg,30,35,32.5,Tomato
23/05/17,Kg,30,35,32.5,Tomato
24/05/17,Kg,30,35,32.5,Tomato
25/05/17,Kg,30,35,32.5,Tomato
26/05/17,Kg,30,35,32.5,Tomato
27/05/17,Kg,30,35,32.5,Tomato
28/05/17,Kg,30,35,32.5,Tomato
29/05/17,Kg,45,50,47.5,Tomato
30/05/17,Kg,30,35,32.5,Tomato
31/05/17,Kg,40,45,42.5,Tomato
01/06/17,Kg,40,45,42.5,Tomato
02/06/17,Kg,30,35,32.5,Tomato
03/06/17,Kg,30,38,34,Tomato
04/06/17,Kg,45,50,47.5,Tomato
05/06/17,Kg,50,55,52.5,Tomato
06/06/17,Kg,55,60,57.5,Tomato
07/06/17,Kg,60,65,62.5,Tomato
08/06/17,Kg,50,55,52.5,Tomato
09/06/17,Kg,50,55,52.5,Tomato
10/06/17,Kg,45,50,47.5,Tomato
11/06/17,Kg,45,50,47.5,Tomato
12/06/17,Kg,45,50,47.5,Tomato
13/06/17,Kg,45,50,47.5,Tomato
14/06/17,Kg,40,45,42.5,Tomato
15/06/17,Kg,40,45,42.5,Tomato
16/06/17,Kg,40,45,42.5,Tomato
17/06/17,Kg,40,45,42.5,Tomato
18/06/17,Kg,35,40,37.5,Tomato
19/06/17,Kg,35,40,37.5,Tomato
20/06/17,Kg,30,36,33,Tomato
21/06/17,Kg,30,35,32.5,Tomato
22/06/17,Kg,30,35,32.5,Tomato
23/06/17,Kg,30,35,32.5,Tomato
24/06/17,Kg,30,35,32.5,Tomato
25/06/17,Kg,30,35,32.5,Tomato
26/06/17,Kg,30,35,32.5,Tomato
27/06/17,Kg,30,35,32.5,Tomato
28/06/17,Kg,25,30,27.5,Tomato
29/06/17,Kg,25,30,27.5,Tomato
30/06/17,Kg,25,30,27.5,Tomato
01/07/17,Kg,25,30,27.5,Tomato
02/07/17,Kg,25,30,27.5,Tomato
03/07/17,Kg,24,28,26,Tomato
04/07/17,Kg,20,25,22.5,Tomato
05/07/17,Kg,20,25,22.5,Tomato
06/07/17,Kg,20,25,22.5,Tomato
07/07/17,Kg,20,25,22.5,Tomato
08/07/17,Kg,20,25,22.5,Tomato
09/07/17,Kg,20,25,22.5,Tomato
10/07/17,Kg,20,25,22.5,Tomato
11/07/17,Kg,20,25,22.5,Tomato
12/07/17,Kg,24,30,27,Tomato
13/07/17,Kg,28,32,30,Tomato
14/07/17,Kg,30,35,32.5,Tomato
15/07/17,Kg,27,33,30,Tomato
16/07/17,Kg,27,35,31,Tomato
17/07/17,Kg,30,35,32.5,Tomato
18/07/17,Kg,35,40,37.5,Tomato
19/07/17,Kg,35,40,37.5,Tomato
20/07/17,Kg,30,35,32.5,Tomato
21/07/17,Kg,30,35,32.5,Tomato
22/07/17,Kg,30,35,32.5,Tomato
23/07/17,Kg,30,35,32.5,Tomato
24/07/17,Kg,30,35,32.5,Tomato
25/07/17,Kg,30,35,32.5,Tomato
26/07/17,Kg,30,35,32.5,Tomato
27/07/17,Kg,45,50,47.5,Tomato
28/07/17,Kg,45,50,47.5,Tomato
29/07/17,Kg,45,50,47.5,Tomato
30/07/17,Kg,45,50,47.5,Tomato
31/07/17,Kg,45,50,47.5,Tomato
01/08/17,Kg,40,50,45,Tomato
02/08/17,Kg,40,50,45,Tomato
03/08/17,Kg,40,45,42.5,Tomato
04/08/17,Kg,40,50,45,Tomato
05/08/17,Kg,40,50,45,Tomato
06/08/17,Kg,40,50,45,Tomato
07/08/17,Kg,40,50,45,Tomato
08/08/17,Kg,50,55,52.5,Tomato
09/08/17,Kg,45,50,47.5,Tomato
10/08/17,Kg,45,50,47.5,Tomato
11/08/17,Kg,50,55,52.5,Tomato
12/08/17,Kg,50,55,52.5,Tomato
13/08/17,Kg,60,65,62.5,Tomato
14/08/17,Kg,70,75,72.5,Tomato
15/08/17,Kg,60,65,62.5,Tomato
16/08/17,Kg,70,75,72.5,Tomato
17/08/17,Kg,70,80,75,Tomato
18/08/17,Kg,75,80,77.5,Tomato
19/08/17,Kg,75,80,77.5,Tomato
20/08/17,Kg,75,80,77.5,Tomato
21/08/17,Kg,70,75,72.5,Tomato
22/08/17,Kg,70,75,72.5,Tomato
23/08/17,Kg,65,70,67.5,Tomato
24/08/17,Kg,50,55,52.5,Tomato
25/08/17,Kg,50,55,52.5,Tomato
26/08/17,Kg,50,55,52.5,Tomato
27/08/17,Kg,40,45,42.5,Tomato
28/08/17,Kg,38,43,40.5,Tomato
29/08/17,Kg,38,43,40.5,Tomato
30/08/17,Kg,35,40,37.5,Tomato
31/08/17,Kg,35,40,37.5,Tomato
01/09/17,Kg,30,35,32.5,Tomato
02/09/17,Kg,30,35,32.5,Tomato
03/09/17,Kg,32,35,33.5,Tomato
04/09/17,Kg,45,50,47.5,Tomato
05/09/17,Kg,45,50,47.5,Tomato
06/09/17,Kg,45,50,47.5,Tomato
07/09/17,Kg,45,50,47.5,Tomato
08/09/17,Kg,45,50,47.5,Tomato
09/09/17,Kg,45,50,47.5,Tomato
10/09/17,Kg,45,50,47.5,Tomato
11/09/17,Kg,45,50,47.5,Tomato
12/09/17,Kg,35,40,37.5,Tomato
13/09/17,Kg,35,40,37.5,Tomato
14/09/17,Kg,35,40,37.5,Tomato
15/09/17,Kg,35,45,40,Tomato
16/09/17,Kg,35,40,37.5,Tomato
17/09/17,Kg,35,40,37.5,Tomato
18/09/17,Kg,40,45,42.5,Tomato
20/09/17,Kg,45,50,47.5,Tomato
21/09/17,Kg,60,70,65,Tomato
22/09/17,Kg,65,75,70,Tomato
23/09/17,Kg,70,80,75,Tomato
24/09/17,Kg,60,65,62.5,Tomato
25/09/17,Kg,55,65,60,Tomato
26/09/17,Kg,55,60,57.5,Tomato
27/09/17,Kg,55,60,57.5,Tomato
28/09/17,Kg,55,65,60,Tomato
29/09/17,Kg,50,55,52.5,Tomato
30/09/17,Kg,45,50,47.5,Tomato
01/10/17,Kg,35,40,37.5,Tomato
02/10/17,Kg,25,30,27.5,Tomato
03/10/17,Kg,20,25,22.5,Tomato
04/10/17,Kg,20,25,22.5,Tomato
05/10/17,Kg,20,25,22.5,Tomato
06/10/17,Kg,23,26,24.5,Tomato
07/10/17,Kg,23,26,24.5,Tomato
08/10/17,Kg,30,35,32.5,Tomato
09/10/17,Kg,45,55,50,Tomato
10/10/17,Kg,48,55,51.5,Tomato
11/10/17,Kg,58,65,61.5,Tomato
12/10/17,Kg,55,60,57.5,Tomato
13/10/17,Kg,55,60,57.5,Tomato
14/10/17,Kg,65,70,67.5,Tomato
15/10/17,Kg,52,60,56,Tomato
16/10/17,Kg,50,55,52.5,Tomato
17/10/17,Kg,45,55,50,Tomato
18/10/17,Kg,55,60,57.5,Tomato
19/10/17,Kg,55,60,57.5,Tomato
20/10/17,Kg,45,50,47.5,Tomato
21/10/17,Kg,65,70,67.5,Tomato
22/10/17,Kg,75,80,77.5,Tomato
23/10/17,Kg,58,62,60,Tomato
24/10/17,Kg,53,58,55.5,Tomato
25/10/17,Kg,45,50,47.5,Tomato
26/10/17,Kg,45,50,47.5,Tomato
27/10/17,Kg,70,75,72.5,Tomato
28/10/17,Kg,70,75,72.5,Tomato
29/10/17,Kg,65,70,67.5,Tomato
30/10/17,Kg,70,75,72.5,Tomato
31/10/17,Kg,70,75,72.5,Tomato
01/11/17,Kg,95,100,97.5,Tomato
02/11/17,Kg,90,95,92.5,Tomato
03/11/17,Kg,85,90,87.5,Tomato
04/11/17,Kg,70,78,74,Tomato
05/11/17,Kg,80,85,82.5,Tomato
06/11/17,Kg,70,75,72.5,Tomato
07/11/17,Kg,75,80,77.5,Tomato
08/11/17,Kg,80,85,82.5,Tomato
09/11/17,Kg,75,80,77.5,Tomato
10/11/17,Kg,75,80,77.5,Tomato
11/11/17,Kg,68,73,70.5,Tomato
12/11/17,Kg,75,80,77.5,Tomato
13/11/17,Kg,65,70,67.5,Tomato
14/11/17,Kg,75,80,77.5,Tomato
15/11/17,Kg,70,75,72.5,Tomato
16/11/17,Kg,60,65,62.5,Tomato
17/11/17,Kg,60,65,62.5,Tomato
18/11/17,Kg,65,70,67.5,Tomato
19/11/17,Kg,50,60,55,Tomato
20/11/17,Kg,45,50,47.5,Tomato
21/11/17,Kg,45,50,47.5,Tomato
22/11/17,Kg,50,55,52.5,Tomato
23/11/17,Kg,55,60,57.5,Tomato
24/11/17,Kg,60,65,62.5,Tomato
25/11/17,Kg,52,58,55,Tomato
26/11/17,Kg,55,60,57.5,Tomato
27/11/17,Kg,65,70,67.5,Tomato
28/11/17,Kg,60,65,62.5,Tomato
29/11/17,Kg,50,55,52.5,Tomato
30/11/17,Kg,55,60,57.5,Tomato
01/12/17,Kg,55,60,57.5,Tomato
02/12/17,Kg,55,60,57.5,Tomato
03/12/17,Kg,60,70,65,Tomato
04/12/17,Kg,70,75,72.5,Tomato
05/12/17,Kg,80,85,82.5,Tomato
06/12/17,Kg,70,75,72.5,Tomato
08/12/17,Kg,75,80,77.5,Tomato
09/12/17,Kg,75,80,77.5,Tomato
10/12/17,Kg,65,70,67.5,Tomato
11/12/17,Kg,65,70,67.5,Tomato
12/12/17,Kg,65,70,67.5,Tomato
13/12/17,Kg,55,60,57.5,Tomato
14/12/17,Kg,45,50,47.5,Tomato
15/12/17,Kg,40,45,42.5,Tomato
16/12/17,Kg,35,40,37.5,Tomato
17/12/17,Kg,35,40,37.5,Tomato
18/12/17,Kg,30,35,32.5,Tomato
19/12/17,Kg,25,30,27.5,Tomato
20/12/17,Kg,25,30,27.5,Tomato
27/12/17,Kg,25,30,27.5,Tomato
28/12/17,Kg,25,30,27.5,Tomato
29/12/17,Kg,20,25,22.5,Tomato
30/12/17,Kg,20,25,22.5,Tomato
31/12/17,Kg,20,25,22.5,Tomato
01/01/18,Kg,20,25,22.5,Tomato
02/01/18,Kg,25,30,27.5,Tomato
03/01/18,Kg,25,30,27.5,Tomato
04/01/18,Kg,25,30,27.5,Tomato
05/01/18,Kg,30,35,32.5,Tomato
06/01/18,Kg,35,40,37.5,Tomato
07/01/18,Kg,25,30,27.5,Tomato
08/01/18,Kg,30,35,32.5,Tomato
09/01/18,Kg,30,35,32.5,Tomato
10/01/18,Kg,30,35,32.5,Tomato
11/01/18,Kg,30,35,32.5,Tomato
12/01/18,Kg,40,45,42.5,Tomato
13/01/18,Kg,45,50,47.5,Tomato
14/01/18,Kg,45,50,47.5,Tomato
16/01/18,Kg,35,40,37.5,Tomato
17/01/18,Kg,40,45,42.5,Tomato
18/01/18,Kg,35,40,37.5,Tomato
19/01/18,Kg,35,40,37.5,Tomato
20/01/18,Kg,38,43,40.5,Tomato
21/01/18,Kg,30,35,32.5,Tomato
22/01/18,Kg,25,30,27.5,Tomato
23/01/18,Kg,20,25,22.5,Tomato
24/01/18,Kg,20,25,22.5,Tomato
25/01/18,Kg,20,25,22.5,Tomato
26/01/18,Kg,18,20,19,Tomato
27/01/18,Kg,15,20,17.5,Tomato
28/01/18,Kg,16,20,18,Tomato
29/01/18,Kg,15,20,17.5,Tomato
30/01/18,Kg,15,20,17.5,Tomato
31/01/18,Kg,15,20,17.5,Tomato
01/02/18,Kg,15,20,17.5,Tomato
02/02/18,Kg,12,15,13.5,Tomato
03/02/18,Kg,12,16,14,Tomato
04/02/18,Kg,20,25,22.5,Tomato
05/02/18,Kg,25,30,27.5,Tomato
06/02/18,Kg,25,30,27.5,Tomato
07/02/18,Kg,18,20,19,Tomato
08/02/18,Kg,18,20,19,Tomato
09/02/18,Kg,18,22,20,Tomato
10/02/18,Kg,18,20,19,Tomato
11/02/18,Kg,15,20,17.5,Tomato
12/02/18,Kg,15,20,17.5,Tomato
13/02/18,Kg,15,20,17.5,Tomato
14/02/18,Kg,20,25,22.5,Tomato
15/02/18,Kg,20,25,22.5,Tomato
16/02/18,Kg,25,30,27.5,Tomato
17/02/18,Kg,20,25,22.5,Tomato
18/02/18,Kg,25,30,27.5,Tomato
19/02/18,Kg,25,28,26.5,Tomato
20/02/18,Kg,25,30,27.5,Tomato
21/02/18,Kg,25,30,27.5,Tomato
22/02/18,Kg,20,25,22.5,Tomato
23/02/18,Kg,20,25,22.5,Tomato
24/02/18,Kg,20,25,22.5,Tomato
25/02/18,Kg,25,30,27.5,Tomato
26/02/18,Kg,30,35,32.5,Tomato
27/02/18,Kg,30,35,32.5,Tomato
28/02/18,Kg,30,35,32.5,Tomato
01/03/18,Kg,35,40,37.5,Tomato
02/03/18,Kg,33,36,34.5,Tomato
03/03/18,Kg,30,35,32.5,Tomato
05/03/18,Kg,30,35,32.5,Tomato
06/03/18,Kg,33,36,34.5,Tomato
07/03/18,Kg,30,35,32.5,Tomato
08/03/18,Kg,30,35,32.5,Tomato
09/03/18,Kg,30,35,32.5,Tomato
10/03/18,Kg,40,50,45,Tomato
11/03/18,Kg,25,30,27.5,Tomato
12/03/18,Kg,25,30,27.5,Tomato
13/03/18,Kg,25,30,27.5,Tomato
14/03/18,Kg,25,30,27.5,Tomato
15/03/18,Kg,25,30,27.5,Tomato
16/03/18,Kg,25,30,27.5,Tomato
17/03/18,Kg,25,30,27.5,Tomato
18/03/18,Kg,45,50,47.5,Tomato
19/03/18,Kg,50,55,52.5,Tomato
20/03/18,Kg,50,55,52.5,Tomato
21/03/18,Kg,50,55,52.5,Tomato
22/03/18,Kg,50,55,52.5,Tomato
23/03/18,Kg,50,55,52.5,Tomato
24/03/18,Kg,40,48,44,Tomato
25/03/18,Kg,40,45,42.5,Tomato
26/03/18,Kg,30,35,32.5,Tomato
27/03/18,Kg,30,35,32.5,Tomato
28/03/18,Kg,30,35,32.5,Tomato
29/03/18,Kg,30,35,32.5,Tomato
30/03/18,Kg,30,35,32.5,Tomato
31/03/18,Kg,30,35,32.5,Tomato
01/04/18,Kg,35,40,37.5,Tomato
02/04/18,Kg,40,45,42.5,Tomato
03/04/18,Kg,40,45,42.5,Tomato
04/04/18,Kg,35,40,37.5,Tomato
05/04/18,Kg,35,40,37.5,Tomato
06/04/18,Kg,30,35,32.5,Tomato
07/04/18,Kg,24,30,27,Tomato
08/04/18,Kg,28,33,30.5,Tomato
09/04/18,Kg,25,30,27.5,Tomato
10/04/18,Kg,25,30,27.5,Tomato
11/04/18,Kg,23,26,24.5,Tomato
12/04/18,Kg,28,33,30.5,Tomato
13/04/18,Kg,35,40,37.5,Tomato
14/04/18,Kg,30,35,32.5,Tomato
15/04/18,Kg,35,40,37.5,Tomato
16/04/18,Kg,28,33,30.5,Tomato
17/04/18,Kg,25,30,27.5,Tomato
18/04/18,Kg,20,25,22.5,Tomato
19/04/18,Kg,20,25,22.5,Tomato
20/04/18,Kg,25,30,27.5,Tomato
21/04/18,Kg,26,33,29.5,Tomato
22/04/18,Kg,28,33,30.5,Tomato
23/04/18,Kg,20,25,22.5,Tomato
24/04/18,Kg,20,25,22.5,Tomato
25/04/18,Kg,20,25,22.5,Tomato
26/04/18,Kg,20,25,22.5,Tomato
27/04/18,Kg,20,25,22.5,Tomato
28/04/18,Kg,22,26,24,Tomato
29/04/18,Kg,20,25,22.5,Tomato
30/04/18,Kg,25,30,27.5,Tomato
01/05/18,Kg,25,30,27.5,Tomato
02/05/18,Kg,30,35,32.5,Tomato
03/05/18,Kg,25,30,27.5,Tomato
04/05/18,Kg,25,30,27.5,Tomato
05/05/18,Kg,20,25,22.5,Tomato
06/05/18,Kg,20,25,22.5,Tomato
07/05/18,Kg,20,25,22.5,Tomato
08/05/18,Kg,20,25,22.5,Tomato
09/05/18,Kg,20,25,22.5,Tomato
10/05/18,Kg,20,25,22.5,Tomato
11/05/18,Kg,20,25,22.5,Tomato
12/05/18,Kg,20,25,22.5,Tomato
13/05/18,Kg,40,45,42.5,Tomato
14/05/18,Kg,40,45,42.5,Tomato
15/05/18,Kg,40,45,42.5,Tomato
16/05/18,Kg,35,40,37.5,Tomato
17/05/18,Kg,35,40,37.5,Tomato
18/05/18,Kg,25,30,27.5,Tomato
19/05/18,Kg,20,25,22.5,Tomato
20/05/18,Kg,25,30,27.5,Tomato
21/05/18,Kg,25,30,27.5,Tomato
22/05/18,Kg,25,30,27.5,Tomato
23/05/18,Kg,25,30,27.5,Tomato
24/05/18,Kg,40,45,42.5,Tomato
25/05/18,Kg,40,45,42.5,Tomato
26/05/18,Kg,35,40,37.5,Tomato
27/05/18,Kg,35,40,37.5,Tomato
28/05/18,Kg,40,45,42.5,Tomato
29/05/18,Kg,40,45,42.5,Tomato
30/05/18,Kg,44,50,47,Tomato
31/05/18,Kg,40,45,42.5,Tomato
01/06/18,Kg,35,40,37.5,Tomato
02/06/18,Kg,30,35,32.5,Tomato
03/06/18,Kg,40,45,42.5,Tomato
04/06/18,Kg,35,40,37.5,Tomato
05/06/18,Kg,35,40,37.5,Tomato
06/06/18,Kg,35,40,37.5,Tomato
07/06/18,Kg,35,40,37.5,Tomato
08/06/18,Kg,35,40,37.5,Tomato
09/06/18,Kg,40,48,44,Tomato
10/06/18,Kg,40,45,42.5,Tomato
11/06/18,Kg,40,45,42.5,Tomato
12/06/18,Kg,40,45,42.5,Tomato
13/06/18,Kg,30,38,34,Tomato
14/06/18,Kg,30,35,32.5,Tomato
15/06/18,Kg,30,35,32.5,Tomato
16/06/18,Kg,35,40,37.5,Tomato
17/06/18,Kg,30,35,32.5,Tomato
18/06/18,Kg,35,40,37.5,Tomato
19/06/18,Kg,25,30,27.5,Tomato
20/06/18,Kg,30,38,34,Tomato
21/06/18,Kg,35,40,37.5,Tomato
22/06/18,Kg,45,50,47.5,Tomato
23/06/18,Kg,40,45,42.5,Tomato
24/06/18,Kg,30,35,32.5,Tomato
25/06/18,Kg,35,40,37.5,Tomato
26/06/18,Kg,30,35,32.5,Tomato
27/06/18,Kg,28,33,30.5,Tomato
28/06/18,Kg,20,25,22.5,Tomato
29/06/18,Kg,18,20,19,Tomato
30/06/18,Kg,18,20,19,Tomato
01/07/18,Kg,18,22,20,Tomato
02/07/18,Kg,15,20,17.5,Tomato
03/07/18,Kg,18,22,20,Tomato
04/07/18,Kg,18,20,19,Tomato
05/07/18,Kg,18,20,19,Tomato
06/07/18,Kg,15,20,17.5,Tomato
07/07/18,Kg,20,25,22.5,Tomato
08/07/18,Kg,18,20,19,Tomato
09/07/18,Kg,25,30,27.5,Tomato
10/07/18,Kg,25,30,27.5,Tomato
11/07/18,Kg,25,30,27.5,Tomato
12/07/18,Kg,18,22,20,Tomato
13/07/18,Kg,15,20,17.5,Tomato
14/07/18,Kg,15,20,17.5,Tomato
15/07/18,Kg,12,17,14.5,Tomato
16/07/18,Kg,15,20,17.5,Tomato
17/07/18,Kg,20,25,22.5,Tomato
18/07/18,Kg,20,25,22.5,Tomato
19/07/18,Kg,20,25,22.5,Tomato
20/07/18,Kg,15,20,17.5,Tomato
21/07/18,Kg,15,20,17.5,Tomato
22/07/18,Kg,15,20,17.5,Tomato
23/07/18,Kg,15,20,17.5,Tomato
24/07/18,Kg,15,20,17.5,Tomato
25/07/18,Kg,15,20,17.5,Tomato
26/07/18,Kg,15,20,17.5,Tomato
27/07/18,Kg,15,20,17.5,Tomato
28/07/18,Kg,18,25,21.5,Tomato
29/07/18,Kg,19,23,21,Tomato
30/07/18,Kg,20,25,22.5,Tomato
31/07/18,Kg,25,30,27.5,Tomato
01/08/18,Kg,20,25,22.5,Tomato
02/08/18,Kg,20,25,22.5,Tomato
03/08/18,Kg,20,25,22.5,Tomato
04/08/18,Kg,20,25,22.5,Tomato
05/08/18,Kg,25,30,27.5,Tomato
06/08/18,Kg,33,36,34.5,Tomato
07/08/18,Kg,30,35,32.5,Tomato
08/08/18,Kg,33,35,34,Tomato
09/08/18,Kg,35,40,37.5,Tomato
10/08/18,Kg,43,47,45,Tomato
11/08/18,Kg,45,50,47.5,Tomato
12/08/18,Kg,38,40,39,Tomato
13/08/18,Kg,33,36,34.5,Tomato
14/08/18,Kg,30,35,32.5,Tomato
15/08/18,Kg,30,35,32.5,Tomato
16/08/18,Kg,25,30,27.5,Tomato
17/08/18,Kg,20,25,22.5,Tomato
18/08/18,Kg,25,30,27.5,Tomato
19/08/18,Kg,20,25,22.5,Tomato
20/08/18,Kg,25,30,27.5,Tomato
21/08/18,Kg,25,30,27.5,Tomato
22/08/18,Kg,25,30,27.5,Tomato
23/08/18,Kg,20,25,22.5,Tomato
24/08/18,Kg,20,25,22.5,Tomato
25/08/18,Kg,20,25,22.5,Tomato
26/08/18,Kg,15,20,17.5,Tomato
27/08/18,Kg,18,25,21.5,Tomato
28/08/18,Kg,20,25,22.5,Tomato
29/08/18,Kg,25,30,27.5,Tomato
30/08/18,Kg,30,35,32.5,Tomato
31/08/18,Kg,33,36,34.5,Tomato
01/09/18,Kg,35,40,37.5,Tomato
02/09/18,Kg,40,45,42.5,Tomato
03/09/18,Kg,43,47,45,Tomato
04/09/18,Kg,40,45,42.5,Tomato
05/09/18,Kg,40,47,43.5,Tomato
06/09/18,Kg,40,45,42.5,Tomato
07/09/18,Kg,40,45,42.5,Tomato
08/09/18,Kg,45,50,47.5,Tomato
09/09/18,Kg,45,50,47.5,Tomato
10/09/18,Kg,50,53,51.5,Tomato
11/09/18,Kg,45,50,47.5,Tomato
12/09/18,Kg,35,40,37.5,Tomato
13/09/18,Kg,35,40,37.5,Tomato
14/09/18,Kg,30,35,32.5,Tomato
15/09/18,Kg,30,35,32.5,Tomato
16/09/18,Kg,30,34,32,Tomato
17/09/18,Kg,30,35,32.5,Tomato
18/09/18,Kg,50,55,52.5,Tomato
19/09/18,Kg,45,50,47.5,Tomato
20/09/18,Kg,45,50,47.5,Tomato
21/09/18,Kg,40,45,42.5,Tomato
22/09/18,Kg,43,48,45.5,Tomato
23/09/18,Kg,48,52,50,Tomato
24/09/18,Kg,40,45,42.5,Tomato
25/09/18,Kg,40,45,42.5,Tomato
26/09/18,Kg,38,43,40.5,Tomato
27/09/18,Kg,35,40,37.5,Tomato
28/09/18,Kg,35,43,39,Tomato
29/09/18,Kg,40,45,42.5,Tomato
30/09/18,Kg,45,50,47.5,Tomato
01/10/18,Kg,43,48,45.5,Tomato
02/10/18,Kg,46,52,49,Tomato
03/10/18,Kg,48,53,50.5,Tomato
04/10/18,Kg,50,55,52.5,Tomato
05/10/18,Kg,58,66,62,Tomato
06/10/18,Kg,60,67,63.5,Tomato
07/10/18,Kg,70,80,75,Tomato
08/10/18,Kg,60,70,65,Tomato
09/10/18,Kg,60,68,64,Tomato
10/10/18,Kg,65,70,67.5,Tomato
11/10/18,Kg,60,70,65,Tomato
12/10/18,Kg,60,70,65,Tomato
13/10/18,Kg,60,65,62.5,Tomato
14/10/18,Kg,60,70,65,Tomato
15/10/18,Kg,65,70,67.5,Tomato
16/10/18,Kg,45,52,48.5,Tomato
17/10/18,Kg,45,52,48.5,Tomato
18/10/18,Kg,45,52,48.5,Tomato
19/10/18,Kg,50,58,54,Tomato
20/10/18,Kg,40,48,44,Tomato
21/10/18,Kg,35,40,37.5,Tomato
22/10/18,Kg,20,30,25,Tomato
23/10/18,Kg,20,25,22.5,Tomato
24/10/18,Kg,20,25,22.5,Tomato
25/10/18,Kg,25,30,27.5,Tomato
26/10/18,Kg,25,30,27.5,Tomato
27/10/18,Kg,25,30,27.5,Tomato
28/10/18,Kg,25,30,27.5,Tomato
29/10/18,Kg,34,38,36,Tomato
30/10/18,Kg,30,35,32.5,Tomato
31/10/18,Kg,35,45,40,Tomato
01/11/18,Kg,35,45,40,Tomato
02/11/18,Kg,35,40,37.5,Tomato
03/11/18,Kg,25,30,27.5,Tomato
04/11/18,Kg,25,30,27.5,Tomato
05/11/18,Kg,25,30,27.5,Tomato
06/11/18,Kg,22,28,25,Tomato
07/11/18,Kg,22,28,25,Tomato
08/11/18,Kg,20,25,22.5,Tomato
09/11/18,Kg,20,25,22.5,Tomato
10/11/18,Kg,20,25,22.5,Tomato
11/11/18,Kg,18,24,21,Tomato
12/11/18,Kg,20,28,24,Tomato
13/11/18,Kg,20,25,22.5,Tomato
14/11/18,Kg,20,25,22.5,Tomato
15/11/18,Kg,15,20,17.5,Tomato
16/11/18,Kg,12,20,16,Tomato
17/11/18,Kg,17,25,21,Tomato
18/11/18,Kg,15,25,20,Tomato
19/11/18,Kg,15,25,20,Tomato
20/11/18,Kg,18,25,21.5,Tomato
21/11/18,Kg,18,25,21.5,Tomato
22/11/18,Kg,20,25,22.5,Tomato
23/11/18,Kg,18,25,21.5,Tomato
24/11/18,Kg,18,20,19,Tomato
25/11/18,Kg,18,25,21.5,Tomato
26/11/18,Kg,16,22,19,Tomato
27/11/18,Kg,16,22,19,Tomato
28/11/18,Kg,16,24,20,Tomato
29/11/18,Kg,20,28,24,Tomato
30/11/18,Kg,18,24,21,Tomato
01/12/18,Kg,15,20,17.5,Tomato
02/12/18,Kg,20,25,22.5,Tomato
03/12/18,Kg,20,30,25,Tomato
04/12/18,Kg,20,25,22.5,Tomato
05/12/18,Kg,15,20,17.5,Tomato
06/12/18,Kg,12,20,16,Tomato
07/12/18,Kg,15,25,20,Tomato
08/12/18,Kg,18,24,21,Tomato
09/12/18,Kg,15,25,20,Tomato
10/12/18,Kg,20,25,22.5,Tomato
11/12/18,Kg,15,25,20,Tomato
12/12/18,Kg,20,25,22.5,Tomato
13/12/18,Kg,15,25,20,Tomato
14/12/18,Kg,20,25,22.5,Tomato
15/12/18,Kg,20,25,22.5,Tomato
16/12/18,Kg,20,25,22.5,Tomato
17/12/18,Kg,18,25,21.5,Tomato
18/12/18,Kg,15,25,20,Tomato
19/12/18,Kg,15,20,17.5,Tomato
20/12/18,Kg,15,20,17.5,Tomato
21/12/18,Kg,10,20,15,Tomato
22/12/18,Kg,18,22,20,Tomato
23/12/18,Kg,15,20,17.5,Tomato
24/12/18,Kg,15,20,17.5,Tomato
25/12/18,Kg,18,22,20,Tomato
26/12/18,Kg,15,20,17.5,Tomato
27/12/18,Kg,15,20,17.5,Tomato
28/12/18,Kg,15,20,17.5,Tomato
29/12/18,Kg,15,20,17.5,Tomato
30/12/18,Kg,15,20,17.5,Tomato
31/12/18,Kg,20,30,25,Tomato
01/01/19,Kg,20,25,22.5,Tomato
02/01/19,Kg,20,25,22.5,Tomato
03/01/19,Kg,20,25,22.5,Tomato
04/01/19,Kg,20,25,22.5,Tomato
05/01/19,Kg,22,28,25,Tomato
06/01/19,Kg,30,35,32.5,Tomato
07/01/19,Kg,30,35,32.5,Tomato
08/01/19,Kg,30,35,32.5,Tomato
09/01/19,Kg,30,35,32.5,Tomato
10/01/19,Kg,30,35,32.5,Tomato
11/01/19,Kg,30,35,32.5,Tomato
12/01/19,Kg,28,30,29,Tomato
13/01/19,Kg,30,35,32.5,Tomato
14/01/19,Kg,20,30,25,Tomato
15/01/19,Kg,30,35,32.5,Tomato
16/01/19,Kg,25,30,27.5,Tomato
17/01/19,Kg,22,28,25,Tomato
18/01/19,Kg,25,30,27.5,Tomato
19/01/19,Kg,20,25,22.5,Tomato
20/01/19,Kg,20,25,22.5,Tomato
21/01/19,Kg,20,25,22.5,Tomato
22/01/19,Kg,20,25,22.5,Tomato
23/01/19,Kg,18,22,20,Tomato
24/01/19,Kg,15,20,17.5,Tomato
25/01/19,Kg,15,20,17.5,Tomato
26/01/19,Kg,18,24,21,Tomato
27/01/19,Kg,15,20,17.5,Tomato
28/01/19,Kg,15,20,17.5,Tomato
29/01/19,Kg,20,25,22.5,Tomato
30/01/19,Kg,20,25,22.5,Tomato
31/01/19,Kg,20,25,22.5,Tomato
01/02/19,Kg,20,25,22.5,Tomato
02/02/19,Kg,20,25,22.5,Tomato
03/02/19,Kg,15,20,17.5,Tomato
04/02/19,Kg,15,20,17.5,Tomato
05/02/19,Kg,15,20,17.5,Tomato
06/02/19,Kg,15,20,17.5,Tomato
07/02/19,Kg,15,20,17.5,Tomato
08/02/19,Kg,20,25,22.5,Tomato
09/02/19,Kg,25,30,27.5,Tomato
10/02/19,Kg,30,35,32.5,Tomato
11/02/19,Kg,35,40,37.5,Tomato
12/02/19,Kg,25,35,30,Tomato
13/02/19,Kg,20,25,22.5,Tomato
14/02/19,Kg,20,25,22.5,Tomato
15/02/19,Kg,25,30,27.5,Tomato
16/02/19,Kg,25,30,27.5,Tomato
17/02/19,Kg,20,25,22.5,Tomato
18/02/19,Kg,20,25,22.5,Tomato
19/02/19,Kg,23,30,26.5,Tomato
20/02/19,Kg,25,30,27.5,Tomato
21/02/19,Kg,30,35,32.5,Tomato
22/02/19,Kg,30,35,32.5,Tomato
23/02/19,Kg,30,35,32.5,Tomato
24/02/19,Kg,30,35,32.5,Tomato
25/02/19,Kg,30,35,32.5,Tomato
26/02/19,Kg,30,35,32.5,Tomato
27/02/19,Kg,30,35,32.5,Tomato
28/02/19,Kg,30,35,32.5,Tomato
01/03/19,Kg,30,35,32.5,Tomato
02/03/19,Kg,35,40,37.5,Tomato
03/03/19,Kg,35,40,37.5,Tomato
05/03/19,Kg,35,40,37.5,Tomato
06/03/19,Kg,35,40,37.5,Tomato
07/03/19,Kg,40,45,42.5,Tomato
08/03/19,Kg,40,45,42.5,Tomato
09/03/19,Kg,40,45,42.5,Tomato
10/03/19,Kg,40,45,42.5,Tomato
11/03/19,Kg,40,45,42.5,Tomato
12/03/19,Kg,40,45,42.5,Tomato
13/03/19,Kg,40,45,42.5,Tomato
14/03/19,Kg,40,45,42.5,Tomato
15/03/19,Kg,55,60,57.5,Tomato
16/03/19,Kg,55,60,57.5,Tomato
17/03/19,Kg,50,55,52.5,Tomato
18/03/19,Kg,50,55,52.5,Tomato
19/03/19,Kg,50,55,52.5,Tomato
20/03/19,Kg,50,55,52.5,Tomato
21/03/19,Kg,50,55,52.5,Tomato
22/03/19,Kg,45,50,47.5,Tomato
23/03/19,Kg,55,60,57.5,Tomato
24/03/19,Kg,55,60,57.5,Tomato
25/03/19,Kg,55,60,57.5,Tomato
26/03/19,Kg,55,60,57.5,Tomato
27/03/19,Kg,45,50,47.5,Tomato
28/03/19,Kg,45,50,47.5,Tomato
29/03/19,Kg,35,40,37.5,Tomato
30/03/19,Kg,35,40,37.5,Tomato
31/03/19,Kg,28,33,30.5,Tomato
01/04/19,Kg,25,30,27.5,Tomato
02/04/19,Kg,25,30,27.5,Tomato
03/04/19,Kg,30,35,32.5,Tomato
04/04/19,Kg,40,45,42.5,Tomato
05/04/19,Kg,35,40,37.5,Tomato
06/04/19,Kg,35,40,37.5,Tomato
07/04/19,Kg,35,40,37.5,Tomato
08/04/19,Kg,35,40,37.5,Tomato
09/04/19,Kg,35,40,37.5,Tomato
10/04/19,Kg,35,40,37.5,Tomato
11/04/19,Kg,30,35,32.5,Tomato
12/04/19,Kg,30,35,32.5,Tomato
13/04/19,Kg,32,38,35,Tomato
14/04/19,Kg,30,35,32.5,Tomato
15/04/19,Kg,35,40,37.5,Tomato
16/04/19,Kg,30,35,32.5,Tomato
17/04/19,Kg,30,35,32.5,Tomato
18/04/19,Kg,35,40,37.5,Tomato
19/04/19,Kg,35,40,37.5,Tomato
20/04/19,Kg,40,45,42.5,Tomato
21/04/19,Kg,40,45,42.5,Tomato
22/04/19,Kg,40,45,42.5,Tomato
23/04/19,Kg,40,45,42.5,Tomato
24/04/19,Kg,38,43,40.5,Tomato
25/04/19,Kg,38,42,40,Tomato
26/04/19,Kg,38,40,39,Tomato
27/04/19,Kg,40,45,42.5,Tomato
28/04/19,Kg,45,50,47.5,Tomato
29/04/19,Kg,55,60,57.5,Tomato
30/04/19,Kg,70,75,72.5,Tomato
01/05/19,Kg,70,75,72.5,Tomato
02/05/19,Kg,65,70,67.5,Tomato
03/05/19,Kg,60,65,62.5,Tomato
04/05/19,Kg,60,65,62.5,Tomato
05/05/19,Kg,65,70,67.5,Tomato
06/05/19,Kg,65,70,67.5,Tomato
07/05/19,Kg,60,65,62.5,Tomato
08/05/19,Kg,65,70,67.5,Tomato
09/05/19,Kg,60,65,62.5,Tomato
10/05/19,Kg,65,70,67.5,Tomato
11/05/19,Kg,75,80,77.5,Tomato
12/05/19,Kg,85,90,87.5,Tomato
13/05/19,Kg,85,90,87.5,Tomato
14/05/19,Kg,85,90,87.5,Tomato
15/05/19,Kg,95,100,97.5,Tomato
16/05/19,Kg,75,80,77.5,Tomato
17/05/19,Kg,75,80,77.5,Tomato
18/05/19,Kg,75,80,77.5,Tomato
19/05/19,Kg,75,80,77.5,Tomato
20/05/19,Kg,75,80,77.5,Tomato
21/05/19,Kg,75,80,77.5,Tomato
22/05/19,Kg,80,90,85,Tomato
23/05/19,Kg,75,85,80,Tomato
24/05/19,Kg,75,80,77.5,Tomato
25/05/19,Kg,65,78,71.5,Tomato
26/05/19,Kg,65,75,70,Tomato
27/05/19,Kg,55,65,60,Tomato
28/05/19,Kg,55,65,60,Tomato
29/05/19,Kg,65,75,70,Tomato
30/05/19,Kg,70,80,75,Tomato
31/05/19,Kg,65,75,70,Tomato
01/06/19,Kg,65,70,67.5,Tomato
02/06/19,Kg,65,75,70,Tomato
03/06/19,Kg,65,70,67.5,Tomato
04/06/19,Kg,60,65,62.5,Tomato
05/06/19,Kg,40,48,44,Tomato
06/06/19,Kg,40,45,42.5,Tomato
07/06/19,Kg,40,45,42.5,Tomato
08/06/19,Kg,45,50,47.5,Tomato
09/06/19,Kg,40,45,42.5,Tomato
10/06/19,Kg,40,45,42.5,Tomato
11/06/19,Kg,40,45,42.5,Tomato
12/06/19,Kg,40,50,45,Tomato
13/06/19,Kg,45,50,47.5,Tomato
14/06/19,Kg,40,45,42.5,Tomato
15/06/19,Kg,40,45,42.5,Tomato
16/06/19,Kg,35,40,37.5,Tomato
17/06/19,Kg,35,40,37.5,Tomato
18/06/19,Kg,30,35,32.5,Tomato
19/06/19,Kg,30,35,32.5,Tomato
20/06/19,Kg,30,35,32.5,Tomato
21/06/19,Kg,20,25,22.5,Tomato
22/06/19,Kg,15,20,17.5,Tomato
23/06/19,Kg,15,20,17.5,Tomato
24/06/19,Kg,25,30,27.5,Tomato
25/06/19,Kg,25,30,27.5,Tomato
26/06/19,Kg,20,25,22.5,Tomato
27/06/19,Kg,20,25,22.5,Tomato
28/06/19,Kg,20,25,22.5,Tomato
29/06/19,Kg,20,25,22.5,Tomato
30/06/19,Kg,20,25,22.5,Tomato
01/07/19,Kg,20,25,22.5,Tomato
02/07/19,Kg,35,40,37.5,Tomato
03/07/19,Kg,28,34,31,Tomato
04/07/19,Kg,35,40,37.5,Tomato
05/07/19,Kg,38,42,40,Tomato
06/07/19,Kg,35,40,37.5,Tomato
07/07/19,Kg,40,45,42.5,Tomato
08/07/19,Kg,38,42,40,Tomato
09/07/19,Kg,35,40,37.5,Tomato
10/07/19,Kg,40,45,42.5,Tomato
11/07/19,Kg,50,55,52.5,Tomato
12/07/19,Kg,45,50,47.5,Tomato
13/07/19,Kg,60,66,63,Tomato
14/07/19,Kg,65,70,67.5,Tomato
15/07/19,Kg,65,70,67.5,Tomato
16/07/19,Kg,65,75,70,Tomato
17/07/19,Kg,70,80,75,Tomato
18/07/19,Kg,75,80,77.5,Tomato
19/07/19,Kg,65,70,67.5,Tomato
20/07/19,Kg,65,70,67.5,Tomato
21/07/19,Kg,65,70,67.5,Tomato
22/07/19,Kg,60,65,62.5,Tomato
23/07/19,Kg,50,60,55,Tomato
24/07/19,Kg,45,50,47.5,Tomato
25/07/19,Kg,40,45,42.5,Tomato
26/07/19,Kg,45,50,47.5,Tomato
27/07/19,Kg,40,45,42.5,Tomato
28/07/19,Kg,42,50,46,Tomato
29/07/19,Kg,45,50,47.5,Tomato
30/07/19,Kg,50,60,55,Tomato
31/07/19,Kg,58,62,60,Tomato
01/08/19,Kg,60,65,62.5,Tomato
02/08/19,Kg,60,65,62.5,Tomato
03/08/19,Kg,55,60,57.5,Tomato
04/08/19,Kg,55,60,57.5,Tomato
05/08/19,Kg,50,55,52.5,Tomato
06/08/19,Kg,50,55,52.5,Tomato
07/08/19,Kg,55,60,57.5,Tomato
08/08/19,Kg,60,65,62.5,Tomato
09/08/19,Kg,60,65,62.5,Tomato
10/08/19,Kg,58,65,61.5,Tomato
11/08/19,Kg,58,65,61.5,Tomato
12/08/19,Kg,58,65,61.5,Tomato
13/08/19,Kg,60,70,65,Tomato
14/08/19,Kg,60,65,62.5,Tomato
15/08/19,Kg,75,80,77.5,Tomato
16/08/19,Kg,75,80,77.5,Tomato
17/08/19,Kg,75,85,80,Tomato
18/08/19,Kg,80,86,83,Tomato
19/08/19,Kg,85,90,87.5,Tomato
20/08/19,Kg,90,95,92.5,Tomato
21/08/19,Kg,85,95,90,Tomato
22/08/19,Kg,80,90,85,Tomato
23/08/19,Kg,70,80,75,Tomato
24/08/19,Kg,70,75,72.5,Tomato
25/08/19,Kg,70,75,72.5,Tomato
26/08/19,Kg,70,80,75,Tomato
27/08/19,Kg,55,60,57.5,Tomato
28/08/19,Kg,50,55,52.5,Tomato
29/08/19,Kg,45,55,50,Tomato
30/08/19,Kg,50,55,52.5,Tomato
31/08/19,Kg,45,50,47.5,Tomato
01/09/19,Kg,40,50,45,Tomato
02/09/19,Kg,40,46,43,Tomato
03/09/19,Kg,40,47,43.5,Tomato
04/09/19,Kg,34,40,37,Tomato
05/09/19,Kg,30,35,32.5,Tomato
06/09/19,Kg,30,35,32.5,Tomato
07/09/19,Kg,30,35,32.5,Tomato
08/09/19,Kg,35,40,37.5,Tomato
09/09/19,Kg,45,50,47.5,Tomato
10/09/19,Kg,40,45,42.5,Tomato
11/09/19,Kg,40,45,42.5,Tomato
12/09/19,Kg,35,40,37.5,Tomato
13/09/19,Kg,35,40,37.5,Tomato
14/09/19,Kg,30,35,32.5,Tomato
15/09/19,Kg,30,35,32.5,Tomato
16/09/19,Kg,30,35,32.5,Tomato
17/09/19,Kg,30,35,32.5,Tomato
18/09/19,Kg,32,40,36,Tomato
19/09/19,Kg,35,40,37.5,Tomato
20/09/19,Kg,30,40,35,Tomato
21/09/19,Kg,35,40,37.5,Tomato
22/09/19,Kg,40,50,45,Tomato
23/09/19,Kg,50,57,53.5,Tomato
24/09/19,Kg,50,55,52.5,Tomato
25/09/19,Kg,40,50,45,Tomato
26/09/19,Kg,35,40,37.5,Tomato
27/09/19,Kg,30,40,35,Tomato
28/09/19,Kg,30,35,32.5,Tomato
29/09/19,Kg,35,40,37.5,Tomato
30/09/19,Kg,35,40,37.5,Tomato
01/10/19,Kg,35,40,37.5,Tomato
02/10/19,Kg,35,45,40,Tomato
03/10/19,Kg,40,45,42.5,Tomato
04/10/19,Kg,45,50,47.5,Tomato
05/10/19,Kg,45,50,47.5,Tomato
06/10/19,Kg,55,60,57.5,Tomato
08/10/19,Kg,65,70,67.5,Tomato
09/10/19,Kg,70,75,72.5,Tomato
10/10/19,Kg,35,40,37.5,Tomato
11/10/19,Kg,30,35,32.5,Tomato
12/10/19,Kg,30,35,32.5,Tomato
13/10/19,Kg,25,30,27.5,Tomato
14/10/19,Kg,30,35,32.5,Tomato
15/10/19,Kg,33,38,35.5,Tomato
16/10/19,Kg,38,45,41.5,Tomato
17/10/19,Kg,40,45,42.5,Tomato
18/10/19,Kg,45,50,47.5,Tomato
19/10/19,Kg,40,45,42.5,Tomato
20/10/19,Kg,48,53,50.5,Tomato
21/10/19,Kg,50,55,52.5,Tomato
22/10/19,Kg,50,60,55,Tomato
23/10/19,Kg,50,55,52.5,Tomato
24/10/19,Kg,55,60,57.5,Tomato
25/10/19,Kg,65,75,70,Tomato
26/10/19,Kg,75,80,77.5,Tomato
27/10/19,Kg,80,90,85,Tomato
28/10/19,Kg,60,70,65,Tomato
29/10/19,Kg,80,90,85,Tomato
30/10/19,Kg,115,120,117.5,Tomato
31/10/19,Kg,80,90,85,Tomato
01/11/19,Kg,80,90,85,Tomato
02/11/19,Kg,60,70,65,Tomato
03/11/19,Kg,60,65,62.5,Tomato
04/11/19,Kg,80,90,85,Tomato
05/11/19,Kg,85,90,87.5,Tomato
06/11/19,Kg,80,90,85,Tomato
07/11/19,Kg,70,80,75,Tomato
08/11/19,Kg,60,70,65,Tomato
09/11/19,Kg,60,70,65,Tomato
10/11/19,Kg,55,65,60,Tomato
11/11/19,Kg,45,55,50,Tomato
12/11/19,Kg,40,50,45,Tomato
13/11/19,Kg,35,45,40,Tomato
14/11/19,Kg,35,45,40,Tomato
15/11/19,Kg,35,45,40,Tomato
16/11/19,Kg,35,40,37.5,Tomato
17/11/19,Kg,35,40,37.5,Tomato
18/11/19,Kg,30,35,32.5,Tomato
19/11/19,Kg,30,40,35,Tomato
20/11/19,Kg,30,35,32.5,Tomato
21/11/19,Kg,30,40,35,Tomato
22/11/19,Kg,30,35,32.5,Tomato
23/11/19,Kg,30,40,35,Tomato
24/11/19,Kg,30,35,32.5,Tomato
25/11/19,Kg,25,35,30,Tomato
26/11/19,Kg,25,30,27.5,Tomato
27/11/19,Kg,20,30,25,Tomato
28/11/19,Kg,20,25,22.5,Tomato
29/11/19,Kg,20,28,24,Tomato
30/11/19,Kg,22,30,26,Tomato
01/12/19,Kg,30,35,32.5,Tomato
02/12/19,Kg,30,35,32.5,Tomato
03/12/19,Kg,30,35,32.5,Tomato
04/12/19,Kg,30,35,32.5,Tomato
05/12/19,Kg,35,45,40,Tomato
06/12/19,Kg,45,50,47.5,Tomato
07/12/19,Kg,45,50,47.5,Tomato
08/12/19,Kg,40,45,42.5,Tomato
09/12/19,Kg,40,50,45,Tomato
10/12/19,Kg,40,50,45,Tomato
11/12/19,Kg,35,45,40,Tomato
12/12/19,Kg,35,40,37.5,Tomato
13/12/19,Kg,38,45,41.5,Tomato
14/12/19,Kg,40,50,45,Tomato
15/12/19,Kg,50,55,52.5,Tomato
16/12/19,Kg,35,45,40,Tomato
17/12/19,Kg,30,40,35,Tomato
18/12/19,Kg,35,40,37.5,Tomato
19/12/19,Kg,20,30,25,Tomato
20/12/19,Kg,20,30,25,Tomato
21/12/19,Kg,20,25,22.5,Tomato
22/12/19,Kg,30,40,35,Tomato
23/12/19,Kg,35,40,37.5,Tomato
24/12/19,Kg,20,30,25,Tomato
25/12/19,Kg,20,30,25,Tomato
26/12/19,Kg,30,35,32.5,Tomato
27/12/19,Kg,20,30,25,Tomato
28/12/19,Kg,25,30,27.5,Tomato
29/12/19,Kg,25,30,27.5,Tomato
30/12/19,Kg,25,30,27.5,Tomato
31/12/19,Kg,40,45,42.5,Tomato
01/01/19,Kg,35,45,40,Tomato
02/01/19,Kg,40,50,45,Tomato
03/01/19,Kg,43,50,46.5,Tomato
04/01/19,Kg,45,55,50,Tomato
05/01/19,Kg,40,50,45,Tomato
06/01/19,Kg,40,50,45,Tomato
07/01/19,Kg,35,40,37.5,Tomato
08/01/19,Kg,35,40,37.5,Tomato
09/01/19,Kg,20,30,25,Tomato
10/01/19,Kg,25,35,30,Tomato
11/01/19,Kg,20,25,22.5,Tomato
12/01/19,Kg,25,30,27.5,Tomato
13/01/19,Kg,40,45,42.5,Tomato
14/01/19,Kg,35,40,37.5,Tomato
15/01/19,Kg,30,35,32.5,Tomato
16/01/19,Kg,20,30,25,Tomato
17/01/19,Kg,20,30,25,Tomato
18/01/19,Kg,25,30,27.5,Tomato
19/01/19,Kg,25,30,27.5,Tomato
20/01/19,Kg,25,30,27.5,Tomato
21/01/19,Kg,20,25,22.5,Tomato
22/01/19,Kg,20,30,25,Tomato
23/01/19,Kg,20,25,22.5,Tomato
24/01/19,Kg,14,20,17,Tomato
25/01/19,Kg,15,20,17.5,Tomato
26/01/19,Kg,20,25,22.5,Tomato
27/01/19,Kg,25,30,27.5,Tomato
28/01/19,Kg,15,25,20,Tomato
29/01/19,Kg,15,25,20,Tomato
30/01/19,Kg,15,25,20,Tomato
31/01/19,Kg,20,25,22.5,Tomato
01/02/19,Kg,15,20,17.5,Tomato
02/02/19,Kg,15,25,20,Tomato
03/02/19,Kg,15,20,17.5,Tomato
04/02/19,Kg,15,20,17.5,Tomato
05/02/19,Kg,22,25,23.5,Tomato
06/02/19,Kg,15,20,17.5,Tomato
07/02/19,Kg,15,20,17.5,Tomato
08/02/19,Kg,15,20,17.5,Tomato
09/02/19,Kg,15,20,17.5,Tomato
10/02/19,Kg,12,20,16,Tomato
11/02/19,Kg,10,15,12.5,Tomato
12/02/19,Kg,10,15,12.5,Tomato
13/02/19,Kg,10,15,12.5,Tomato
14/02/19,Kg,20,25,22.5,Tomato
15/02/19,Kg,20,25,22.5,Tomato
16/02/19,Kg,20,25,22.5,Tomato
17/02/19,Kg,20,25,22.5,Tomato
18/02/19,Kg,20,25,22.5,Tomato
19/02/19,Kg,14,20,17,Tomato
20/02/19,Kg,15,20,17.5,Tomato
21/02/19,Kg,12,20,16,Tomato
22/02/19,Kg,10,15,12.5,Tomato
23/02/19,Kg,15,20,17.5,Tomato
24/02/19,Kg,15,20,17.5,Tomato
25/02/19,Kg,15,20,17.5,Tomato
26/02/19,Kg,15,20,17.5,Tomato
27/02/19,Kg,20,25,22.5,Tomato
28/02/19,Kg,10,15,12.5,Tomato
29/02/2019,Kg,12,20,16,Tomato
01/03/19,Kg,30,40,35,Tomato
02/03/19,Kg,25,30,27.5,Tomato
04/03/19,Kg,25,30,27.5,Tomato
05/03/19,Kg,25,30,27.5,Tomato
06/03/19,Kg,30,35,32.5,Tomato
07/03/19,Kg,40,45,42.5,Tomato
08/03/19,Kg,30,35,32.5,Tomato
09/03/19,Kg,25,30,27.5,Tomato
10/03/19,Kg,25,30,27.5,Tomato
11/03/19,Kg,25,30,27.5,Tomato
12/03/19,Kg,25,30,27.5,Tomato
13/03/19,Kg,30,35,32.5,Tomato
14/03/19,Kg,30,35,32.5,Tomato
15/03/19,Kg,35,40,37.5,Tomato
16/03/19,Kg,35,40,37.5,Tomato
17/03/19,Kg,35,40,37.5,Tomato
18/03/19,Kg,35,40,37.5,Tomato
19/03/19,Kg,35,40,37.5,Tomato
20/03/19,Kg,35,40,37.5,Tomato
21/03/19,Kg,35,40,37.5,Tomato
22/03/19,Kg,50,55,52.5,Tomato
23/03/19,Kg,55,60,57.5,Tomato
25/03/19,Kg,50,60,55,Tomato
26/03/19,Kg,75,80,77.5,Tomato
27/03/19,Kg,65,70,67.5,Tomato
28/03/19,Kg,65,70,67.5,Tomato
29/03/19,Kg,75,80,77.5,Tomato
30/03/19,Kg,80,85,82.5,Tomato
31/03/19,Kg,55,60,57.5,Tomato
01/04/19,Kg,45,50,47.5,Tomato
02/04/19,Kg,45,50,47.5,Tomato
03/04/19,Kg,35,40,37.5,Tomato
04/04/19,Kg,35,40,37.5,Tomato
05/04/19,Kg,35,40,37.5,Tomato
06/04/19,Kg,35,40,37.5,Tomato
07/04/19,Kg,45,50,47.5,Tomato
08/04/19,Kg,45,50,47.5,Tomato
22/04/19,Kg,20,25,22.5,Tomato
23/04/19,Kg,15,20,17.5,Tomato
24/04/19,Kg,20,25,22.5,Tomato
25/04/19,Kg,20,25,22.5,Tomato
26/04/19,Kg,20,25,22.5,Tomato
27/04/19,Kg,20,25,22.5,Tomato
28/04/19,Kg,20,25,22.5,Tomato
29/04/19,Kg,20,25,22.5,Tomato
30/04/19,Kg,20,25,22.5,Tomato
01/05/19,Kg,20,25,22.5,Tomato
02/05/19,Kg,20,25,22.5,Tomato
03/05/19,Kg,25,30,27.5,Tomato
04/05/19,Kg,25,30,27.5,Tomato
05/05/19,Kg,25,30,27.5,Tomato
06/05/19,Kg,30,35,32.5,Tomato
07/05/19,Kg,25,30,27.5,Tomato
08/05/19,Kg,25,30,27.5,Tomato
09/05/19,Kg,25,30,27.5,Tomato
10/05/19,Kg,30,35,32.5,Tomato
11/05/19,Kg,35,40,37.5,Tomato
12/05/19,Kg,35,40,37.5,Tomato
13/05/19,Kg,35,40,37.5,Tomato
14/05/19,Kg,35,40,37.5,Tomato
15/05/19,Kg,30,35,32.5,Tomato
16/05/19,Kg,30,35,32.5,Tomato
17/05/19,Kg,45,50,47.5,Tomato
18/05/19,Kg,40,45,42.5,Tomato
19/05/19,Kg,25,35,30,Tomato
20/05/19,Kg,30,35,32.5,Tomato
22/05/19,Kg,20,25,22.5,Tomato
23/05/19,Kg,15,20,17.5,Tomato
24/05/19,Kg,15,20,17.5,Tomato
25/05/19,Kg,15,20,17.5,Tomato
26/05/19,Kg,15,20,17.5,Tomato
27/05/19,Kg,15,20,17.5,Tomato
28/05/19,Kg,20,25,22.5,Tomato
29/05/19,Kg,20,25,22.5,Tomato
30/05/19,Kg,15,20,17.5,Tomato
31/05/19,Kg,10,15,12.5,Tomato
01/06/19,Kg,15,20,17.5,Tomato
02/06/19,Kg,10,15,12.5,Tomato
03/06/19,Kg,15,20,17.5,Tomato
04/06/19,Kg,15,20,17.5,Tomato
05/06/19,Kg,25,30,27.5,Tomato
06/06/19,Kg,35,40,37.5,Tomato
07/06/19,Kg,25,30,27.5,Tomato
08/06/19,Kg,30,35,32.5,Tomato
09/06/19,Kg,25,30,27.5,Tomato
10/06/19,Kg,25,30,27.5,Tomato
11/06/19,Kg,25,30,27.5,Tomato
12/06/19,Kg,25,30,27.5,Tomato
13/06/19,Kg,20,25,22.5,Tomato
14/06/19,Kg,25,30,27.5,Tomato
15/06/19,Kg,25,30,27.5,Tomato
16/06/19,Kg,25,30,27.5,Tomato
17/06/19,Kg,20,25,22.5,Tomato
18/06/19,Kg,22,25,23.5,Tomato
19/06/19,Kg,15,20,17.5,Tomato
20/06/19,Kg,15,20,17.5,Tomato
21/06/19,Kg,15,20,17.5,Tomato
22/06/19,Kg,15,20,17.5,Tomato
23/06/19,Kg,15,20,17.5,Tomato
24/06/19,Kg,15,20,17.5,Tomato
25/06/19,Kg,15,20,17.5,Tomato
26/06/19,Kg,25,30,27.5,Tomato
27/06/19,Kg,25,30,27.5,Tomato
28/06/19,Kg,25,30,27.5,Tomato
29/06/19,Kg,20,25,22.5,Tomato
30/06/19,Kg,20,25,22.5,Tomato
01/07/19,Kg,15,20,17.5,Tomato
02/07/19,Kg,10,15,12.5,Tomato
03/07/19,Kg,10,15,12.5,Tomato
04/07/19,Kg,10,15,12.5,Tomato
05/07/19,Kg,15,20,17.5,Tomato
06/07/19,Kg,15,20,17.5,Tomato
07/07/19,Kg,15,20,17.5,Tomato
08/07/19,Kg,15,20,17.5,Tomato
09/07/19,Kg,12,18,15,Tomato
10/07/19,Kg,12,18,15,Tomato
11/07/19,Kg,10,15,12.5,Tomato
13/07/19,Kg,10,15,12.5,Tomato
14/07/19,Kg,10,15,12.5,Tomato
15/07/19,Kg,10,15,12.5,Tomato
16/07/19,Kg,10,15,12.5,Tomato
17/07/19,Kg,12,18,15,Tomato
18/07/19,Kg,13,18,15.5,Tomato
19/07/19,Kg,12,18,15,Tomato
20/07/19,Kg,12,18,15,Tomato
21/07/19,Kg,15,20,17.5,Tomato
22/07/19,Kg,15,20,17.5,Tomato
23/07/19,Kg,15,20,17.5,Tomato
24/07/19,Kg,18,22,20,Tomato
25/07/19,Kg,25,30,27.5,Tomato
26/07/19,Kg,28,35,31.5,Tomato
27/07/19,Kg,35,40,37.5,Tomato
28/07/19,Kg,40,50,45,Tomato
29/07/19,Kg,40,45,42.5,Tomato
30/07/19,Kg,45,50,47.5,Tomato
31/07/19,Kg,45,50,47.5,Tomato
01/08/19,Kg,40,45,42.5,Tomato
02/08/19,Kg,40,45,42.5,Tomato
03/08/19,Kg,45,50,47.5,Tomato
04/08/19,Kg,40,45,42.5,Tomato
05/08/19,Kg,40,45,42.5,Tomato
06/08/19,Kg,40,45,42.5,Tomato
07/08/19,Kg,35,40,37.5,Tomato
08/08/19,Kg,35,40,37.5,Tomato
09/08/19,Kg,34,40,37,Tomato
10/08/19,Kg,30,35,32.5,Tomato
11/08/19,Kg,28,33,30.5,Tomato
12/08/19,Kg,25,30,27.5,Tomato
13/08/19,Kg,25,30,27.5,Tomato
14/08/19,Kg,25,30,27.5,Tomato
15/08/19,Kg,25,30,27.5,Tomato
16/08/19,Kg,25,30,27.5,Tomato
17/08/19,Kg,35,40,37.5,Tomato
18/08/19,Kg,45,50,47.5,Tomato
19/08/19,Kg,55,60,57.5,Tomato
20/08/19,Kg,65,70,67.5,Tomato
21/08/19,Kg,60,65,62.5,Tomato
22/08/19,Kg,60,65,62.5,Tomato
23/08/19,Kg,60,65,62.5,Tomato
24/08/19,Kg,50,60,55,Tomato
25/08/19,Kg,50,60,55,Tomato
26/08/19,Kg,40,50,45,Tomato
27/08/19,Kg,50,55,52.5,Tomato
28/08/19,Kg,75,80,77.5,Tomato
29/08/19,Kg,75,80,77.5,Tomato
30/08/19,Kg,70,75,72.5,Tomato
31/08/19,Kg,65,70,67.5,Tomato
01/09/19,Kg,45,50,47.5,Tomato
02/09/19,Kg,50,55,52.5,Tomato
03/09/19,Kg,50,60,55,Tomato
04/09/19,Kg,50,60,55,Tomato
05/09/19,Kg,50,60,55,Tomato
06/09/19,Kg,50,60,55,Tomato
07/09/19,Kg,45,50,47.5,Tomato
08/09/19,Kg,45,50,47.5,Tomato
09/09/19,Kg,40,45,42.5,Tomato
10/09/19,Kg,40,45,42.5,Tomato
11/09/19,Kg,40,45,42.5,Tomato
12/09/19,Kg,50,55,52.5,Tomato
13/09/19,Kg,50,60,55,Tomato
14/09/19,Kg,70,75,72.5,Tomato
15/09/19,Kg,75,80,77.5,Tomato
16/09/19,Kg,75,80,77.5,Tomato
17/09/19,Kg,90,100,95,Tomato
18/09/19,Kg,95,100,97.5,Tomato
19/09/19,Kg,80,85,82.5,Tomato
20/09/19,Kg,85,90,87.5,Tomato
21/09/19,Kg,80,85,82.5,Tomato
22/09/19,Kg,80,90,85,Tomato
23/09/19,Kg,80,85,82.5,Tomato
24/09/19,Kg,80,85,82.5,Tomato
25/09/19,Kg,85,90,87.5,Tomato
26/09/19,Kg,75,80,77.5,Tomato
27/09/19,Kg,65,70,67.5,Tomato
28/09/19,Kg,75,85,80,Tomato
29/09/19,Kg,90,95,92.5,Tomato
30/09/19,Kg,70,75,72.5,Tomato
01/10/19,Kg,60,65,62.5,Tomato
02/10/19,Kg,45,50,47.5,Tomato
03/10/19,Kg,45,50,47.5,Tomato
04/10/19,Kg,45,50,47.5,Tomato
05/10/19,Kg,35,40,37.5,Tomato
06/10/19,Kg,35,40,37.5,Tomato
07/10/19,Kg,35,40,37.5,Tomato
08/10/19,Kg,35,40,37.5,Tomato
09/10/19,Kg,40,45,42.5,Tomato
10/10/19,Kg,40,45,42.5,Tomato
11/10/19,Kg,45,50,47.5,Tomato
12/10/19,Kg,65,70,67.5,Tomato
13/10/19,Kg,75,80,77.5,Tomato
14/10/19,Kg,60,70,65,Tomato
15/10/19,Kg,55,60,57.5,Tomato
16/10/19,Kg,65,70,67.5,Tomato
17/10/19,Kg,60,70,65,Tomato
18/10/19,Kg,60,65,62.5,Tomato
19/10/19,Kg,55,60,57.5,Tomato
20/10/19,Kg,60,65,62.5,Tomato
21/10/19,Kg,70,80,75,Tomato
22/10/19,Kg,75,85,80,Tomato
23/10/19,Kg,70,80,75,Tomato
24/10/19,Kg,75,85,80,Tomato
25/10/19,Kg,100,115,107.5,Tomato
26/10/19,Kg,90,100,95,Tomato
27/10/19,Kg,70,80,75,Tomato
28/10/19,Kg,60,65,62.5,Tomato
29/10/19,Kg,45,55,50,Tomato
30/10/19,Kg,45,50,47.5,Tomato
31/10/19,Kg,50,55,52.5,Tomato
01/11/19,Kg,55,60,57.5,Tomato
02/11/19,Kg,45,55,50,Tomato
03/11/19,Kg,42,50,46,Tomato
04/11/19,Kg,55,62,58.5,Tomato
05/11/19,Kg,50,55,52.5,Tomato
06/11/19,Kg,42,50,46,Tomato
07/11/19,Kg,40,45,42.5,Tomato
08/11/19,Kg,35,40,37.5,Tomato
09/11/19,Kg,38,45,41.5,Tomato
10/11/19,Kg,35,42,38.5,Tomato
11/11/19,Kg,40,45,42.5,Tomato
12/11/19,Kg,42,50,46,Tomato
13/11/19,Kg,40,45,42.5,Tomato
14/11/19,Kg,35,40,37.5,Tomato
15/11/19,Kg,35,40,37.5,Tomato
16/11/19,Kg,40,50,45,Tomato
17/11/19,Kg,45,50,47.5,Tomato
18/11/19,Kg,50,60,55,Tomato
19/11/19,Kg,50,55,52.5,Tomato
20/11/19,Kg,40,45,42.5,Tomato
21/11/19,Kg,35,40,37.5,Tomato
22/11/19,Kg,30,40,35,Tomato
23/11/19,Kg,40,45,42.5,Tomato
24/11/19,Kg,40,45,42.5,Tomato
25/11/19,Kg,40,50,45,Tomato
26/11/19,Kg,40,50,45,Tomato
27/11/19,Kg,45,55,50,Tomato
28/11/19,Kg,45,52,48.5,Tomato
29/11/19,Kg,35,40,37.5,Tomato
30/11/19,Kg,40,45,42.5,Tomato
01/12/19,Kg,45,55,50,Tomato
02/12/19,Kg,48,55,51.5,Tomato
03/12/19,Kg,50,55,52.5,Tomato
04/12/19,Kg,45,55,50,Tomato
05/12/19,Kg,45,55,50,Tomato
06/12/19,Kg,45,50,47.5,Tomato
07/12/19,Kg,45,55,50,Tomato
08/12/19,Kg,45,55,50,Tomato
09/12/19,Kg,50,55,52.5,Tomato
10/12/19,Kg,55,65,60,Tomato
11/12/19,Kg,45,52,48.5,Tomato
12/12/19,Kg,50,55,52.5,Tomato
13/12/19,Kg,40,50,45,Tomato
14/12/19,Kg,35,45,40,Tomato
15/12/19,Kg,35,45,40,Tomato
16/12/19,Kg,35,40,37.5,Tomato
17/12/19,Kg,30,40,35,Tomato
18/12/19,Kg,30,40,35,Tomato
19/12/19,Kg,40,50,45,Tomato
20/12/19,Kg,40,50,45,Tomato
21/12/19,Kg,35,45,40,Tomato
22/12/19,Kg,40,50,45,Tomato
23/12/19,Kg,35,45,40,Tomato
24/12/19,Kg,45,55,50,Tomato
25/12/19,Kg,40,50,45,Tomato
26/12/19,Kg,45,55,50,Tomato
27/12/19,Kg,45,55,50,Tomato
28/12/19,Kg,50,55,52.5,Tomato
29/12/19,Kg,45,50,47.5,Tomato
30/12/19,Kg,45,50,47.5,Tomato
31/12/19,Kg,40,45,42.5,Tomato
01/01/20,Kg,40,45,42.5,Tomato
02/01/20,Kg,30,40,35,Tomato
03/01/20,Kg,35,40,37.5,Tomato
04/01/20,Kg,30,40,35,Tomato
05/01/20,Kg,30,35,32.5,Tomato
06/01/20,Kg,35,45,40,Tomato
07/01/20,Kg,30,40,35,Tomato
08/01/20,Kg,25,35,30,Tomato
09/01/20,Kg,15,25,20,Tomato
10/01/20,Kg,10,15,12.5,Tomato
11/01/20,Kg,12,18,15,Tomato
12/01/20,Kg,15,25,20,Tomato
13/01/20,Kg,15,25,20,Tomato
14/01/20,Kg,15,20,17.5,Tomato
15/01/20,Kg,15,20,17.5,Tomato
16/01/20,Kg,20,30,25,Tomato
17/01/20,Kg,15,20,17.5,Tomato
18/01/20,Kg,15,20,17.5,Tomato
19/01/20,Kg,12,18,15,Tomato
20/01/20,Kg,12,18,15,Tomato
21/01/20,Kg,10,20,15,Tomato
22/01/20,Kg,10,20,15,Tomato
23/01/20,Kg,10,20,15,Tomato
24/01/20,Kg,15,20,17.5,Tomato
25/01/20,Kg,14,18,16,Tomato
26/01/20,Kg,18,22,20,Tomato
27/01/20,Kg,20,25,22.5,Tomato
28/01/20,Kg,20,25,22.5,Tomato
29/01/20,Kg,12,20,16,Tomato
30/01/20,Kg,15,20,17.5,Tomato
31/01/20,Kg,15,20,17.5,Tomato
01/02/20,Kg,15,20,17.5,Tomato
02/02/20,Kg,12,20,16,Tomato
03/02/20,Kg,15,20,17.5,Tomato
06/02/20,Kg,15,20,17.5,Tomato
07/02/20,Kg,15,20,17.5,Tomato
08/02/20,Kg,15,20,17.5,Tomato
09/02/20,Kg,12,20,16,Tomato
10/02/20,Kg,15,20,17.5,Tomato
11/02/20,Kg,15,25,20,Tomato
12/02/20,Kg,12,16,14,Tomato
13/02/20,Kg,12,20,16,Tomato
14/02/20,Kg,15,20,17.5,Tomato
15/02/20,Kg,15,20,17.5,Tomato
16/02/20,Kg,15,20,17.5,Tomato
17/02/20,Kg,15,20,17.5,Tomato
18/02/20,Kg,15,20,17.5,Tomato
19/02/20,Kg,10,15,12.5,Tomato
20/02/20,Kg,8,15,11.5,Tomato
21/02/20,Kg,8,15,11.5,Tomato
22/02/20,Kg,10,15,12.5,Tomato
23/02/20,Kg,10,15,12.5,Tomato
24/02/20,Kg,15,20,17.5,Tomato
25/02/20,Kg,15,20,17.5,Tomato
26/02/20,Kg,15,20,17.5,Tomato
27/02/20,Kg,15,20,17.5,Tomato
28/02/20,Kg,15,20,17.5,Tomato
01/03/20,Kg,8,12,10,Tomato
02/03/20,Kg,10,15,12.5,Tomato
03/03/20,Kg,10,15,12.5,Tomato
05/03/20,Kg,12,15,13.5,Tomato
06/03/20,Kg,15,20,17.5,Tomato
07/03/20,Kg,15,20,17.5,Tomato
08/03/20,Kg,10,15,12.5,Tomato
09/03/20,Kg,10,15,12.5,Tomato
10/03/20,Kg,20,25,22.5,Tomato
11/03/20,Kg,20,25,22.5,Tomato
12/03/20,Kg,20,25,22.5,Tomato
13/03/20,Kg,15,20,17.5,Tomato
14/03/20,Kg,20,25,22.5,Tomato
15/03/20,Kg,25,30,27.5,Tomato
16/03/20,Kg,25,30,27.5,Tomato
17/03/20,Kg,15,20,17.5,Tomato
18/03/20,Kg,15,20,17.5,Tomato
19/03/20,Kg,25,30,27.5,Tomato
20/03/20,Kg,20,25,22.5,Tomato
21/03/20,Kg,20,25,22.5,Tomato
22/03/20,Kg,40,50,45,Tomato
23/03/20,Kg,40,50,45,Tomato
24/03/20,Kg,40,50,45,Tomato
25/03/20,Kg,30,40,35,Tomato
26/03/20,Kg,30,40,35,Tomato
27/03/20,Kg,40,50,45,Tomato
28/03/20,Kg,40,50,45,Tomato
29/03/20,Kg,45,50,47.5,Tomato
30/03/20,Kg,45,50,47.5,Tomato
31/03/20,Kg,45,50,47.5,Tomato
01/04/20,Kg,30,40,35,Tomato
02/04/20,Kg,30,40,35,Tomato
03/04/20,Kg,35,45,40,Tomato
04/04/20,Kg,45,50,47.5,Tomato
05/04/20,Kg,30,40,35,Tomato
06/04/20,Kg,30,35,32.5,Tomato
07/04/20,Kg,30,40,35,Tomato
08/04/20,Kg,30,40,35,Tomato
09/04/20,Kg,30,40,35,Tomato
10/04/20,Kg,30,40,35,Tomato
11/04/20,Kg,25,35,30,Tomato
12/04/20,Kg,25,35,30,Tomato
13/04/20,Kg,20,25,22.5,Tomato
14/04/20,Kg,20,25,22.5,Tomato
15/04/20,Kg,15,20,17.5,Tomato
16/04/20,Kg,15,20,17.5,Tomato
17/04/20,Kg,12,16,14,Tomato
18/04/20,Kg,15,20,17.5,Tomato
19/04/20,Kg,10,15,12.5,Tomato
20/04/20,Kg,10,15,12.5,Tomato
21/04/20,Kg,15,20,17.5,Tomato
22/04/20,Kg,10,15,12.5,Tomato
23/04/20,Kg,14,18,16,Tomato
24/04/20,Kg,10,15,12.5,Tomato
25/04/20,Kg,15,20,17.5,Tomato
26/04/20,Kg,10,15,12.5,Tomato
27/04/20,Kg,10,15,12.5,Tomato
28/04/20,Kg,15,20,17.5,Tomato
29/04/20,Kg,30,40,35,Tomato
30/04/20,Kg,20,25,22.5,Tomato
01/05/20,Kg,20,25,22.5,Tomato
02/05/20,Kg,25,30,27.5,Tomato
03/05/20,Kg,15,20,17.5,Tomato
04/05/20,Kg,10,15,12.5,Tomato
05/05/20,Kg,10,15,12.5,Tomato
06/05/20,Kg,10,15,12.5,Tomato
07/05/20,Kg,15,20,17.5,Tomato
08/05/20,Kg,10,15,12.5,Tomato
09/05/20,Kg,10,15,12.5,Tomato
10/05/20,Kg,10,15,12.5,Tomato
11/05/20,Kg,10,15,12.5,Tomato
12/05/20,Kg,30,35,32.5,Tomato
13/05/20,Kg,35,40,37.5,Tomato